Workbook
Name FYAPR: AAZ!$E$10:$E$10
Name FYAPR: Annual!$D$10:$D$10
Name FYAPR: BWB!$E$10:$E$20
Name FYAPR: 'BWB(MDOT)'!$E$10:$E$20
Name FYAPR: 'BWB-FBCL'!$E$10:$E$20
Name FYAPR: 'Compiled-YTD'!$AH$10:$AH$20
Name FYAPR: DWT!$E$10:$E$20
Name FYAPR: GHIB!$E$10:$E$20
Name FYAPR: IBA!$E$10:$E$20
Name FYAPR: LQB!$E$10:$E$20
Name FYAPR: OGB!$E$10:$E$20
Name FYAPR: PB!$E$10:$E$20
Name FYAPR: RBW!$E$10:$E$20
Name FYAPR: SIBC!$E$10:$E$20
Name FYAPR: TIBA!$E$10:$E$20
Name FYAPR: WPB!$E$10:$E$20
Name FYAPR: AMB!$E$10:$E$20
Name FYFEB: AAZ!$E$10:$E$10
Name FYFEB: Annual!$D$10:$D$10
Name FYFEB: BWB!$E$10:$E$20
Name FYFEB: 'BWB(MDOT)'!$E$10:$E$20
Name FYFEB: 'BWB-FBCL'!$E$10:$E$20
Name FYFEB: 'Compiled-YTD'!$AH$10:$AH$20
Name FYFEB: DWT!$E$10:$E$20
Name FYFEB: GHIB!$E$10:$E$20
Name FYFEB: IBA!$E$10:$E$20
Name FYFEB: LQB!$E$10:$E$20
Name FYFEB: OGB!$E$10:$E$20
Name FYFEB: PB!$E$10:$E$20
Name FYFEB: RBW!$E$10:$E$20
Name FYFEB: SIBC!$E$10:$E$20
Name FYFEB: TIBA!$E$10:$E$20
Name FYFEB: WPB!$E$10:$E$20
Name FYFEB: AMB!$E$10:$E$20
Name FYJAN: AAZ!$E$10:$E$10
Name FYJAN: Annual!$D$10:$D$10
Name FYJAN: BWB!$E$10:$E$20
Name FYJAN: 'BWB(MDOT)'!$E$10:$E$20
Name FYJAN: 'BWB-FBCL'!$E$10:$E$20
Name FYJAN: 'Compiled-YTD'!$AH$10:$AH$20
Name FYJAN: DWT!$E$10:$E$20
Name FYJAN: GHIB!$E$10:$E$20
Name FYJAN: IBA!$E$10:$E$20
Name FYJAN: LQB!$E$10:$E$20
Name FYJAN: OGB!$E$10:$E$20
Name FYJAN: PB!$E$10:$E$20
Name FYJAN: RBW!$E$10:$E$20
Name FYJAN: SIBC!$E$10:$E$20
Name FYJAN: TIBA!$E$10:$E$20
Name FYJAN: WPB!$E$10:$E$20
Name FYJAN: AMB!$E$10:$E$20
Name FYMAR: AAZ!$E$10:$E$10
Name FYMAR: Annual!$D$10:$D$10
Name FYMAR: BWB!$E$10:$E$20
Name FYMAR: 'BWB(MDOT)'!$E$10:$E$20
Name FYMAR: 'BWB-FBCL'!$E$10:$E$20
Name FYMAR: 'Compiled-YTD'!$AH$10:$AH$20
Name FYMAR: DWT!$E$10:$E$20
Name FYMAR: GHIB!$E$10:$E$20
Name FYMAR: IBA!$E$10:$E$20

Sheet Dashboard
B2: BRIDGE AND TUNNEL OPERATORS ASSOCIATION (BTOA)
B3: Ontario Border Crossings with Michigan & New York | F3: BTOA DASHBOARD
I4: Traffic Month Ending | N4: Traffic Year to Date
B5: Instructions for YEAR to YEAR traffic comparisons | G5: Individual Crossings | I5: =+$C$16 -> August | N5: =CONCATENATE("Month Ending ",C16) -> Month Ending August | S5: YEARS | U5: MONTH
F6: CROSSING LIST | G6: Tab Names | I6: =+$C$13 -> 2025 | J6: =+$C$14 -> 2026 | L6: Change | N6: =+$C$13 -> 2025 | O6: =+$C$14 -> 2026 | Q6: Change | S6: (Validation List) | U6: (Validation List)
A7: 1 | B7: Select the years to compare below in cell C8 and C9, respectively. | F7: Aazhogan Bridge | G7: AAZ | I7: =SUMIFS(Traffic!FD:FD,Traffic!$B:$B,Dashboard!$G7,Traffic!$CY:$CY,Dashboard!$F$21) -> 26263 | J7: =SUMIFS(Traffic!FE:FE,Traffic!$B:$B,Dashboard!$G7,Traffic!$CY:$CY,Dashboard!$F$21) -> 26602 | K7: =IF(L7<0,-1,IF(L7=0,0,1)) -> 1 | L7: =SUMIFS(Traffic!FG:FG,Traffic!$B:$B,Dashboard!$G7,Traffic!$CY:$CY,Dashboard!$F$21) -> 0.012907893 | N7: =SUMIFS(Traffic!FI:FI,Traffic!$B:$B,Dashboard!$G7,Traffic!$CY:$CY,Dashboard!$F$21) -> 155534 | O7: =SUMIFS(Traffic!FJ:FJ,Traffic!$B:$B,Dashboard!$G7,Traffic!$CY:$CY,Dashboard!$F$21) -> 159252 | P7: =IF(Q7<0,-1,IF(Q7=0,0,1)) -> 1 | Q7: =SUMIFS(Traffic!FL:FL,Traffic!$B:$B,Dashboard!$G7,Traffic!$CY:$CY,Dashboard!$F$21) -> 0.023904741 | S7: 2006 | U7: January
A8: 2 | B8: Data presented by crossing, on the "Traffic" tab. | F8: Ambassador Bridge | G8: AMB | I8: =SUMIFS(Traffic!FD:FD,Traffic!$B:$B,Dashboard!$G8,Traffic!$CY:$CY,Dashboard!$F$21) -> 492944 | J8: =SUMIFS(Traffic!FE:FE,Traffic!$B:$B,Dashboard!$G8,Traffic!$CY:$CY,Dashboard!$F$21) -> 345445 | K8: =IF(L8<0,-1,IF(L8=0,0,1)) -> -1 | L8: =SUMIFS(Traffic!FG:FG,Traffic!$B:$B,Dashboard!$G8,Traffic!$CY:$CY,Dashboard!$F$21) -> -0.2992206 | N8: =SUMIFS(Traffic!FI:FI,Traffic!$B:$B,Dashboard!$G8,Traffic!$CY:$CY,Dashboard!$F$21) -> 3616013 | O8: =SUMIFS(Traffic!FJ:FJ,Traffic!$B:$B,Dashboard!$G8,Traffic!$CY:$CY,Dashboard!$F$21) -> 3615317 | P8: =IF(Q8<0,-1,IF(Q8=0,0,1)) -> -1 | Q8: =SUMIFS(Traffic!FL:FL,Traffic!$B:$B,Dashboard!$G8,Traffic!$CY:$CY,Dashboard!$F$21) -> -0.00019247718 | S8: 2007 | U8: February
A9: 3 | B9: Traffic data for individual crossings on tabs, per "Crossing List". | F9: Blue Water Bridge | G9: BWB | I9: =SUMIFS(Traffic!FD:FD,Traffic!$B:$B,Dashboard!$G9,Traffic!$CY:$CY,Dashboard!$F$21) -> 372862 | J9: =SUMIFS(Traffic!FE:FE,Traffic!$B:$B,Dashboard!$G9,Traffic!$CY:$CY,Dashboard!$F$21) -> 333986 | K9: =IF(L9<0,-1,IF(L9=0,0,1)) -> -1 | L9: =SUMIFS(Traffic!FG:FG,Traffic!$B:$B,Dashboard!$G9,Traffic!$CY:$CY,Dashboard!$F$21) -> -0.10426378 | N9: =SUMIFS(Traffic!FI:FI,Traffic!$B:$B,Dashboard!$G9,Traffic!$CY:$CY,Dashboard!$F$21) -> 2575009 | O9: =SUMIFS(Traffic!FJ:FJ,Traffic!$B:$B,Dashboard!$G9,Traffic!$CY:$CY,Dashboard!$F$21) -> 2411385 | P9: =IF(Q9<0,-1,IF(Q9=0,0,1)) -> -1 | Q9: =SUMIFS(Traffic!FL:FL,Traffic!$B:$B,Dashboard!$G9,Traffic!$CY:$CY,Dashboard!$F$21) -> -0.063543079 | S9: 2008 | U9: March
A10: 4 | B10: Total annualized BTOA Traffic on "Annual" Tab. | F10: Detroit-Windsor Tunnel | G10: DWT | I10: =SUMIFS(Traffic!FD:FD,Traffic!$B:$B,Dashboard!$G10,Traffic!$CY:$CY,Dashboard!$F$21) -> 343114 | J10: =SUMIFS(Traffic!FE:FE,Traffic!$B:$B,Dashboard!$G10,Traffic!$CY:$CY,Dashboard!$F$21) -> 282880 | K10: =IF(L10<0,-1,IF(L10=0,0,1)) -> -1 | L10: =SUMIFS(Traffic!FG:FG,Traffic!$B:$B,Dashboard!$G10,Traffic!$CY:$CY,Dashboard!$F$21) -> -0.17555098 | N10: =SUMIFS(Traffic!FI:FI,Traffic!$B:$B,Dashboard!$G10,Traffic!$CY:$CY,Dashboard!$F$21) -> 2496067 | O10: =SUMIFS(Traffic!FJ:FJ,Traffic!$B:$B,Dashboard!$G10,Traffic!$CY:$CY,Dashboard!$F$21) -> 2479935 | P10: =IF(Q10<0,-1,IF(Q10=0,0,1)) -> -1 | Q10: =SUMIFS(Traffic!FL:FL,Traffic!$B:$B,Dashboard!$G10,Traffic!$CY:$CY,Dashboard!$F$21) -> -0.0064629675 | S10: 2009 | U10: April
F11: Gordie Howe International Bridge | G11: GHIB | I11: =SUMIFS(Traffic!FD:FD,Traffic!$B:$B,Dashboard!$G11,Traffic!$CY:$CY,Dashboard!$F$21) -> 0 | J11: =SUMIFS(Traffic!FE:FE,Traffic!$B:$B,Dashboard!$G11,Traffic!$CY:$CY,Dashboard!$F$21) -> 343507 | K11: =IF(L11<0,-1,IF(L11=0,0,1)) -> 1 | L11: =SUMIFS(Traffic!FG:FG,Traffic!$B:$B,Dashboard!$G11,Traffic!$CY:$CY,Dashboard!$F$21) -> 1 | N11: =SUMIFS(Traffic!FI:FI,Traffic!$B:$B,Dashboard!$G11,Traffic!$CY:$CY,Dashboard!$F$21) -> 0 | O11: =SUMIFS(Traffic!FJ:FJ,Traffic!$B:$B,Dashboard!$G11,Traffic!$CY:$CY,Dashboard!$F$21) -> 395660 | P11: =IF(Q11<0,-1,IF(Q11=0,0,1)) -> 1 | Q11: =SUMIFS(Traffic!FL:FL,Traffic!$B:$B,Dashboard!$G11,Traffic!$CY:$CY,Dashboard!$F$21) -> 1 | S11: 2010 | U11: May
B12: Years to Compare | F12: Ogdensburg Bridge | G12: OGB | I12: =SUMIFS(Traffic!FD:FD,Traffic!$B:$B,Dashboard!$G12,Traffic!$CY:$CY,Dashboard!$F$21) -> 47584 | J12: =SUMIFS(Traffic!FE:FE,Traffic!$B:$B,Dashboard!$G12,Traffic!$CY:$CY,Dashboard!$F$21) -> 52943 | K12: =IF(L12<0,-1,IF(L12=0,0,1)) -> 1 | L12: =SUMIFS(Traffic!FG:FG,Traffic!$B:$B,Dashboard!$G12,Traffic!$CY:$CY,Dashboard!$F$21) -> 0.11262189 | N12: =SUMIFS(Traffic!FI:FI,Traffic!$B:$B,Dashboard!$G12,Traffic!$CY:$CY,Dashboard!$F$21) -> 303626 | O12: =SUMIFS(Traffic!FJ:FJ,Traffic!$B:$B,Dashboard!$G12,Traffic!$CY:$CY,Dashboard!$F$21) -> 316801 | P12: =IF(Q12<0,-1,IF(Q12=0,0,1)) -> 1 | Q12: =SUMIFS(Traffic!FL:FL,Traffic!$B:$B,Dashboard!$G12,Traffic!$CY:$CY,Dashboard!$F$21) -> 0.0433922 | S12: 2011 | U12: June
B13: Prior Year | C13: 2025 | D13: Select first year to compare | F13: Peace Bridge | G13: PB | I13: =SUMIFS(Traffic!FD:FD,Traffic!$B:$B,Dashboard!$G13,Traffic!$CY:$CY,Dashboard!$F$21) -> 477548 | J13: =SUMIFS(Traffic!FE:FE,Traffic!$B:$B,Dashboard!$G13,Traffic!$CY:$CY,Dashboard!$F$21) -> 473729 | K13: =IF(L13<0,-1,IF(L13=0,0,1)) -> -1 | L13: =SUMIFS(Traffic!FG:FG,Traffic!$B:$B,Dashboard!$G13,Traffic!$CY:$CY,Dashboard!$F$21) -> -0.0079971019 | N13: =SUMIFS(Traffic!FI:FI,Traffic!$B:$B,Dashboard!$G13,Traffic!$CY:$CY,Dashboard!$F$21) -> 2866364 | O13: =SUMIFS(Traffic!FJ:FJ,Traffic!$B:$B,Dashboard!$G13,Traffic!$CY:$CY,Dashboard!$F$21) -> 2894078 | P13: =IF(Q13<0,-1,IF(Q13=0,0,1)) -> 1 | Q13: =SUMIFS(Traffic!FL:FL,Traffic!$B:$B,Dashboard!$G13,Traffic!$CY:$CY,Dashboard!$F$21) -> 0.0096686953 | S13: 2012 | U13: July
B14: Current Year | C14: 2026 | D14: Select second year to compare | F14: Sault Ste. Marie Bridge Bridge Authority | G14: IBA | I14: =SUMIFS(Traffic!FD:FD,Traffic!$B:$B,Dashboard!$G14,Traffic!$CY:$CY,Dashboard!$F$21) -> 96565 | J14: =SUMIFS(Traffic!FE:FE,Traffic!$B:$B,Dashboard!$G14,Traffic!$CY:$CY,Dashboard!$F$21) -> 99731 | K14: =IF(L14<0,-1,IF(L14=0,0,1)) -> 1 | L14: =SUMIFS(Traffic!FG:FG,Traffic!$B:$B,Dashboard!$G14,Traffic!$CY:$CY,Dashboard!$F$21) -> 0.032786206 | N14: =SUMIFS(Traffic!FI:FI,Traffic!$B:$B,Dashboard!$G14,Traffic!$CY:$CY,Dashboard!$F$21) -> 566216 | O14: =SUMIFS(Traffic!FJ:FJ,Traffic!$B:$B,Dashboard!$G14,Traffic!$CY:$CY,Dashboard!$F$21) -> 573998 | P14: =IF(Q14<0,-1,IF(Q14=0,0,1)) -> 1 | Q14: =SUMIFS(Traffic!FL:FL,Traffic!$B:$B,Dashboard!$G14,Traffic!$CY:$CY,Dashboard!$F$21) -> 0.013743872 | S14: 2013 | U14: August
F15: Seaway International Bridge | G15: SIBC | I15: =SUMIFS(Traffic!FD:FD,Traffic!$B:$B,Dashboard!$G15,Traffic!$CY:$CY,Dashboard!$F$21) -> 211605 | J15: =SUMIFS(Traffic!FE:FE,Traffic!$B:$B,Dashboard!$G15,Traffic!$CY:$CY,Dashboard!$F$21) -> 222135 | K15: =IF(L15<0,-1,IF(L15=0,0,1)) -> 1 | L15: =SUMIFS(Traffic!FG:FG,Traffic!$B:$B,Dashboard!$G15,Traffic!$CY:$CY,Dashboard!$F$21) -> 0.049762529 | N15: =SUMIFS(Traffic!FI:FI,Traffic!$B:$B,Dashboard!$G15,Traffic!$CY:$CY,Dashboard!$F$21) -> 1665834 | O15: =SUMIFS(Traffic!FJ:FJ,Traffic!$B:$B,Dashboard!$G15,Traffic!$CY:$CY,Dashboard!$F$21) -> 1691189 | P15: =IF(Q15<0,-1,IF(Q15=0,0,1)) -> 1 | Q15: =SUMIFS(Traffic!FL:FL,Traffic!$B:$B,Dashboard!$G15,Traffic!$CY:$CY,Dashboard!$F$21) -> 0.015220604 | S15: 2014 | U15: September
B16: Current Month | C16: August | D16: Select month | F16: Thousand Islands Bridge | G16: TIBA | I16: =SUMIFS(Traffic!FD:FD,Traffic!$B:$B,Dashboard!$G16,Traffic!$CY:$CY,Dashboard!$F$21) -> 210693 | J16: =SUMIFS(Traffic!FE:FE,Traffic!$B:$B,Dashboard!$G16,Traffic!$CY:$CY,Dashboard!$F$21) -> 213798 | K16: =IF(L16<0,-1,IF(L16=0,0,1)) -> 1 | L16: =SUMIFS(Traffic!FG:FG,Traffic!$B:$B,Dashboard!$G16,Traffic!$CY:$CY,Dashboard!$F$21) -> 0.014737082 | N16: =SUMIFS(Traffic!FI:FI,Traffic!$B:$B,Dashboard!$G16,Traffic!$CY:$CY,Dashboard!$F$21) -> 1153828 | O16: =SUMIFS(Traffic!FJ:FJ,Traffic!$B:$B,Dashboard!$G16,Traffic!$CY:$CY,Dashboard!$F$21) -> 1144838 | P16: =IF(Q16<0,-1,IF(Q16=0,0,1)) -> -1 | Q16: =SUMIFS(Traffic!FL:FL,Traffic!$B:$B,Dashboard!$G16,Traffic!$CY:$CY,Dashboard!$F$21) -> -0.0077914559 | S16: 2015 | U16: October
F17: Lewiston-Queenston Bridge | G17: LQB | I17: =SUMIFS(Traffic!FD:FD,Traffic!$B:$B,Dashboard!$G17,Traffic!$CY:$CY,Dashboard!$F$21) -> 314803 | J17: =SUMIFS(Traffic!FE:FE,Traffic!$B:$B,Dashboard!$G17,Traffic!$CY:$CY,Dashboard!$F$21) -> 343000 | K17: =IF(L17<0,-1,IF(L17=0,0,1)) -> 1 | L17: =SUMIFS(Traffic!FG:FG,Traffic!$B:$B,Dashboard!$G17,Traffic!$CY:$CY,Dashboard!$F$21) -> 0.089570303 | N17: =SUMIFS(Traffic!FI:FI,Traffic!$B:$B,Dashboard!$G17,Traffic!$CY:$CY,Dashboard!$F$21) -> 1862494 | O17: =SUMIFS(Traffic!FJ:FJ,Traffic!$B:$B,Dashboard!$G17,Traffic!$CY:$CY,Dashboard!$F$21) -> 1960999 | P17: =IF(Q17<0,-1,IF(Q17=0,0,1)) -> 1 | Q17: =SUMIFS(Traffic!FL:FL,Traffic!$B:$B,Dashboard!$G17,Traffic!$CY:$CY,Dashboard!$F$21) -> 0.052888761 | S17: 2016 | U17: November
B18: Graph | F18: Rainbow Bridge | G18: RBW | I18: =SUMIFS(Traffic!FD:FD,Traffic!$B:$B,Dashboard!$G18,Traffic!$CY:$CY,Dashboard!$F$21) -> 216230 | J18: =SUMIFS(Traffic!FE:FE,Traffic!$B:$B,Dashboard!$G18,Traffic!$CY:$CY,Dashboard!$F$21) -> 217147 | K18: =IF(L18<0,-1,IF(L18=0,0,1)) -> 1 | L18: =SUMIFS(Traffic!FG:FG,Traffic!$B:$B,Dashboard!$G18,Traffic!$CY:$CY,Dashboard!$F$21) -> 0.0042408546 | N18: =SUMIFS(Traffic!FI:FI,Traffic!$B:$B,Dashboard!$G18,Traffic!$CY:$CY,Dashboard!$F$21) -> 1168850 | O18: =SUMIFS(Traffic!FJ:FJ,Traffic!$B:$B,Dashboard!$G18,Traffic!$CY:$CY,Dashboard!$F$21) -> 1187070 | P18: =IF(Q18<0,-1,IF(Q18=0,0,1)) -> 1 | Q18: =SUMIFS(Traffic!FL:FL,Traffic!$B:$B,Dashboard!$G18,Traffic!$CY:$CY,Dashboard!$F$21) -> 0.015587971 | S18: 2017 | U18: December
A19: 1 | B19: Select Ending Year for 10-Year Graph. | F19: Whirlpool Rapids Bridge | G19: WPB | I19: =SUMIFS(Traffic!FD:FD,Traffic!$B:$B,Dashboard!$G19,Traffic!$CY:$CY,Dashboard!$F$21) -> 34390 | J19: =SUMIFS(Traffic!FE:FE,Traffic!$B:$B,Dashboard!$G19,Traffic!$CY:$CY,Dashboard!$F$21) -> 39621 | K19: =IF(L19<0,-1,IF(L19=0,0,1)) -> 1 | L19: =SUMIFS(Traffic!FG:FG,Traffic!$B:$B,Dashboard!$G19,Traffic!$CY:$CY,Dashboard!$F$21) -> 0.15210817 | N19: =SUMIFS(Traffic!FI:FI,Traffic!$B:$B,Dashboard!$G19,Traffic!$CY:$CY,Dashboard!$F$21) -> 225108 | O19: =SUMIFS(Traffic!FJ:FJ,Traffic!$B:$B,Dashboard!$G19,Traffic!$CY:$CY,Dashboard!$F$21) -> 246892 | P19: =IF(Q19<0,-1,IF(Q19=0,0,1)) -> 1 | Q19: =SUMIFS(Traffic!FL:FL,Traffic!$B:$B,Dashboard!$G19,Traffic!$CY:$CY,Dashboard!$F$21) -> 0.096771328 | S19: 2018
A20: 2 | B20: Select desired crossing or all crossings for BTOA. | S20: 2019
A21: 3 | B21: Select traffic type or Total BTOA Traffic. | F21: TOTAL | I21: =SUM(I7:I20) -> 2844601 | J21: =SUM(J7:J20) -> 2994524 | K21: =IF(L21<0,-1,IF(L21=0,0,1)) -> 1 | L21: =SUMIFS(Traffic!FG:FG,Traffic!$B:$B,$F21,Traffic!$CY:$CY,Dashboard!$F$21) -> 0.052704404 | N21: =SUM(N7:N20) -> 18654943 | O21: =SUM(O7:O20) -> 19077414 | P21: =IF(Q21<0,-1,IF(Q21=0,0,1)) -> 1 | Q21: =SUMIFS(Traffic!FL:FL,Traffic!$B:$B,$F21,Traffic!$CY:$CY,Dashboard!$F$21) -> 0.022646598 | S21: 2020
A22: 4 | B22: Select Annual or Year-to-Date; view results on "Graph" Tab. | S22: 2021
F23: Passenger Cars | I23: =SUMIFS(Traffic!FD:FD,Traffic!$B:$B,$F21,Traffic!$CY:$CY,$F$23) -> 2307896 | J23: =SUMIFS(Traffic!FE:FE,Traffic!$B:$B,$F21,Traffic!$CY:$CY,$F$23) -> 2426906 | K23: =IF(L23<0,-1,IF(L23=0,0,1)) -> 1 | L23: =SUMIFS(Traffic!FG:FG,Traffic!$B:$B,$F21,Traffic!$CY:$CY,$F$23) -> 0.051566448 | N23: =SUMIFS(Traffic!FI:FI,Traffic!$B:$B,$F21,Traffic!$CY:$CY,$F$23) -> 14312145 | O23: =SUMIFS(Traffic!FJ:FJ,Traffic!$B:$B,$F21,Traffic!$CY:$CY,$F$23) -> 14799779 | P23: =IF(Q23<0,-1,IF(Q23=0,0,1)) -> 1 | Q23: =SUMIFS(Traffic!FL:FL,Traffic!$B:$B,$F21,Traffic!$CY:$CY,$F$23) -> 0.034071343 | S23: 2022
C24: Select Ending Year | D24: 2026 | F24: Trucks | I24: =SUMIFS(Traffic!FD:FD,Traffic!$B:$B,$F21,Traffic!$CY:$CY,$F$24) -> 525638 | J24: =SUMIFS(Traffic!FE:FE,Traffic!$B:$B,$F21,Traffic!$CY:$CY,$F$24) -> 557454 | K24: =IF(L24<0,-1,IF(L24=0,0,1)) -> 1 | L24: =SUMIFS(Traffic!FG:FG,Traffic!$B:$B,$F21,Traffic!$CY:$CY,$F$24) -> 0.060528348 | N24: =SUMIFS(Traffic!FI:FI,Traffic!$B:$B,$F21,Traffic!$CY:$CY,$F$24) -> 4291429 | O24: =SUMIFS(Traffic!FJ:FJ,Traffic!$B:$B,$F21,Traffic!$CY:$CY,$F$24) -> 4230170 | P24: =IF(Q24<0,-1,IF(Q24=0,0,1)) -> -1 | Q24: =SUMIFS(Traffic!FL:FL,Traffic!$B:$B,$F21,Traffic!$CY:$CY,$F$24) -> -0.014274732 | S24: 2023
C25: Select Bridge or Total BTOA Crossings | D25: Total BTOA Traffic | F25: Buses & Misc. | I25: =SUMIFS(Traffic!FD:FD,Traffic!$B:$B,$F21,Traffic!$CY:$CY,$F$25) -> 11067 | J25: =SUMIFS(Traffic!FE:FE,Traffic!$B:$B,$F21,Traffic!$CY:$CY,$F$25) -> 10164 | K25: =IF(L25<0,-1,IF(L25=0,0,1)) -> -1 | L25: =SUMIFS(Traffic!FG:FG,Traffic!$B:$B,$F21,Traffic!$CY:$CY,$F$25) -> -0.081593928 | N25: =SUMIFS(Traffic!FI:FI,Traffic!$B:$B,$F21,Traffic!$CY:$CY,$F$25) -> 51369 | O25: =SUMIFS(Traffic!FJ:FJ,Traffic!$B:$B,$F21,Traffic!$CY:$CY,$F$25) -> 47465 | P25: =IF(Q25<0,-1,IF(Q25=0,0,1)) -> -1 | Q25: =SUMIFS(Traffic!FL:FL,Traffic!$B:$B,$F21,Traffic!$CY:$CY,$F$25) -> -0.075999143 | S25: 2024
C26: Select Traffic Category or Total | D26: Total Crossings | S26: 2025
C27: Annual or Year-to-Date Results | D27: Year-to-Date | F27: TOTAL | I27: =SUM(I23:I26) -> 2844601 | J27: =SUM(J23:J26) -> 2994524 | K27: =IF(L27<0,-1,IF(L27=0,0,1)) -> 1 | L27: =SUMIFS(Traffic!FG:FG,Traffic!$B:$B,$F27,Traffic!$CY:$CY,Dashboard!$F$21) -> 0.052704404 | N27: =SUM(N23:N26) -> 18654943 | O27: =SUM(O23:O26) -> 19077414 | P27: =IF(Q27<0,-1,IF(Q27=0,0,1)) -> 1 | Q27: =SUMIFS(Traffic!FL:FL,Traffic!$B:$B,$F27,Traffic!$CY:$CY,Dashboard!$F$21) -> 0.022646598 | S27: 2026
D29: * No traffic data available prior to 2006.
D31: Gordie Howe Opening Date: July 27, 2026

Sheet Traffic
A1: Bridge and Tunnel Operators Association (BTOA)
A2: Ontario Border Crossings with Michigan & New York
A3: UNITED STATES - CANADA
A4: =CONCATENATE(D8," - ",E8) -> 2025 - 2026 | D4: January | L4: February | T4: March | AB4: April | AJ4: May | AR4: June | AZ4: July | BH4: August | BP4: September | BX4: October | CF4: November | CN4: December
H5: a | I5: b | P5: a | Q5: b | X5: a | Y5: b | AF5: a | AG5: b | AN5: a | AO5: b | AV5: a | AW5: b | BD5: a | BE5: b | BL5: a | BM5: b | BT5: a | BU5: b | CB5: a | CC5: b | CJ5: a | CK5: b | CR5: a | CS5: b
D6: a | E6: b | L6: a | M6: b | T6: a | U6: b | AB6: a | AC6: b | AJ6: a | AK6: b | AR6: a | AS6: b | AZ6: a | BA6: b | BH6: a | BI6: b | BP6: a | BQ6: b | BX6: a | BY6: b | CF6: a | CG6: b | CN6: a | CO6: b | EB6: YEAR TO DATE | EQ6: YEAR TO DATE
D7: January | H7: YEAR-TO-DATE | L7: February | P7: YEAR-TO-DATE | T7: March | X7: YEAR-TO-DATE | AB7: April | AF7: YEAR-TO-DATE | AJ7: May | AN7: YEAR-TO-DATE | AR7: June | AV7: YEAR-TO-DATE | AZ7: July | BD7: YEAR-TO-DATE | BH7: August | BL7: YEAR-TO-DATE | BP7: September | BT7: YEAR-TO-DATE | BX7: October | CB7: YEAR-TO-DATE | CF7: November | CJ7: YEAR-TO-DATE | CN7: December | CR7: YEAR-TO-DATE | DA7: =+$D$8 -> 2025 | DB7: =+DA7 -> 2025 | DC7: =+DB7 -> 2025 | DD7: =+DC7 -> 2025 | DE7: =+DD7 -> 2025 | DF7: =+DE7 -> 2025 | DG7: =+DF7 -> 2025 | DH7: =+DG7 -> 2025 | DI7: =+DH7 -> 2025 | ... DL7: =+DK7 -> 2025 | DO7: =+$E$8 -> 2026 | DP7: =+DO7 -> 2026 | DQ7: =+DP7 -> 2026 | DR7: =+DQ7 -> 2026 | DS7: =+DR7 -> 2026 | DT7: =+DS7 -> 2026 | DU7: =+DT7 -> 2026 | DV7: =+DU7 -> 2026 | DW7: =+DV7 -> 2026 | ... DZ7: =+DY7 -> 2026 | EB7: =+$D$8 -> 2025 | EC7: =+EB7 -> 2025 | ED7: =+EC7 -> 2025 | EE7: =+ED7 -> 2025 | EF7: =+EE7 -> 2025 | EG7: =+EF7 -> 2025 | EH7: =+EG7 -> 2025 | EI7: =+EH7 -> 2025 | EJ7: =+EI7 -> 2025 | ... EM7: =+EL7 -> 2025 | EQ7: =+$E$8 -> 2026 | ER7: =+EQ7 -> 2026 | ES7: =+ER7 -> 2026 | ET7: =+ES7 -> 2026 | EU7: =+ET7 -> 2026 | EV7: =+EU7 -> 2026 | EW7: =+EV7 -> 2026 | EX7: =+EW7 -> 2026 | EY7: =+EX7 -> 2026 | ... FB7: =+FA7 -> 2026 | FD7: =+Dashboard!$C$16 -> August | FE7: =+Dashboard!$C$16 -> August | FI7: =+Dashboard!$C$16 -> August | FJ7: =+Dashboard!$C$16 -> August
A8: Traffic Report for the Month Ending: | D8: =+Dashboard!C13 -> 2025 | E8: =+Dashboard!C14 -> 2026 | F8: Change | G8: Percent | H8: =+$D$8 -> 2025 | I8: =+$E$8 -> 2026 | J8: Change | K8: Percent | L8: =+$D$8 -> 2025 | M8: =+$E$8 -> 2026 | N8: Change | O8: Percent | P8: =+$D$8 -> 2025 | Q8: =+$E$8 -> 2026 | R8: Change | S8: Percent | T8: =+$D$8 -> 2025 | U8: =+$E$8 -> 2026 | V8: Change | W8: Percent | X8: =+$D$8 -> 2025 | Y8: =+$E$8 -> 2026 | Z8: Change | AA8: Percent | AB8: =+$D$8 -> 2025 | AC8: =+$E$8 -> 2026 | AD8: Change | AE8: Percent | AF8: =+$D$8 -> 2025 | AG8: =+$E$8 -> 2026 | AH8: Change | AI8: Percent | AJ8: =+$D$8 -> 2025 | AK8: =+$E$8 -> 2026 | AL8: Change | AM8: Percent | AN8: =+$D$8 -> 2025 | AO8: =+$E$8 -> 2026 | AP8: Change | AQ8: Percent | AR8: =+$D$8 -> 2025 | AS8: =+$E$8 -> 2026 | AT8: Change | AU8: Percent | AV8: =+$D$8 -> 2025 | AW8: =+$E$8 -> 2026 | AX8: Change | AY8: Percent | AZ8: =+$D$8 -> 2025 | BA8: =+$E$8 -> 2026 | BB8: Change | BC8: Percent | BD8: =+$D$8 -> 2025 | BE8: =+$E$8 -> 2026 | BF8: Change | BG8: Percent | BH8: =+$D$8 -> 2025 | BI8: =+$E$8 -> 2026 | BJ8: Change | BK8: Percent | BL8: =+$D$8 -> 2025 | BM8: =+$E$8 -> 2026 | BN8: Change | BO8: Percent | BP8: =+$D$8 -> 2025 | BQ8: =+$E$8 -> 2026 | BR8: Change | BS8: Percent | BT8: =+$D$8 -> 2025 | BU8: =+$E$8 -> 2026 | BV8: Change | BW8: Percent | BX8: =+$D$8 -> 2025 | BY8: =+$E$8 -> 2026 | BZ8: Change | CA8: Percent | CB8: =+$D$8 -> 2025 | CC8: =+$E$8 -> 2026 | CD8: Change | CE8: Percent | CF8: =+$D$8 -> 2025 | CG8: =+$E$8 -> 2026 | CH8: Change | CI8: Percent | CJ8: =+$D$8 -> 2025 | CK8: =+$E$8 -> 2026 | CL8: Change | CM8: Percent | CN8: =+$D$8 -> 2025 | CO8: =+$E$8 -> 2026 | CP8: Change | CQ8: Percent | CR8: =+$D$8 -> 2025 | CS8: =+$E$8 -> 2026 | CT8: Change | CU8: Percent | DA8: JANUARY | DB8: FEBRUARY | DC8: MARCH | DD8: APRIL | DE8: MAY | DF8: JUNE | DG8: JULY | DH8: AUGUST | DI8: SEPTEMBER | DJ8: OCTOBER | DK8: NOVEMBER | DL8: DECEMBER | DO8: JANUARY | DP8: FEBRUARY | DQ8: MARCH | DR8: APRIL | DS8: MAY | DT8: JUNE | DU8: JULY | DV8: AUGUST | DW8: SEPTEMBER | DX8: OCTOBER | DY8: NOVEMBER | DZ8: DECEMBER | EB8: JANUARY | EC8: FEBRUARY | ED8: MARCH | EE8: APRIL | EF8: MAY | EG8: JUNE | EH8: JULY | EI8: AUGUST | EJ8: SEPTEMBER | EK8: OCTOBER | EL8: NOVEMBER | EM8: DECEMBER | EQ8: JANUARY | ER8: FEBRUARY | ES8: MARCH | ET8: APRIL | EU8: MAY | EV8: JUNE | EW8: JULY | EX8: AUGUST | EY8: SEPTEMBER | EZ8: OCTOBER | FA8: NOVEMBER | FB8: DECEMBER | FD8: =+Dashboard!$C$13 -> 2025 | FE8: =+Dashboard!$C$14 -> 2026 | FF8: Change | FG8: Percent | FI8: =+Dashboard!$C$13 -> 2025 | FJ8: =+Dashboard!$C$14 -> 2026 | FK8: Change | FL8: Percent
B9: AAZ | C9: Passenger Cars | D9: =+DA9 -> 14814 | E9: =OFFSET(DA9,0,14,1,1) -> 12792 | F9: =SUM(E9-D9) -> -2022 | G9: =IF(F9=0,0,IF(D9=0,1,F9/D9)) -> -0.13649251 | H9: =SUMIF($D$6:G$6,H$5,$D9:G9) -> 14814 | I9: =SUMIF($D$6:H$6,I$5,$D9:H9) -> 12792 | J9: =SUM(I9-H9) -> -2022 | K9: =IF(J9=0,0,IF(H9=0,1,J9/H9)) -> -0.13649251 | L9: =+DB9 -> 12302 | M9: =OFFSET(DB9,0,14,1,1) -> 10742 | N9: =SUM(M9-L9) -> -1560 | O9: =IF(N9=0,0,IF(L9=0,1,N9/L9)) -> -0.12680865 | P9: =SUMIF($D$6:O$6,P$5,$D9:O9) -> 27116 | Q9: =SUMIF($D$6:P$6,Q$5,$D9:P9) -> 23534 | R9: =SUM(Q9-P9) -> -3582 | S9: =IF(R9=0,0,IF(P9=0,1,R9/P9)) -> -0.13209913 | T9: =+DC9 -> 11263 | U9: =OFFSET(DC9,0,14,1,1) -> 12388 | V9: =SUM(U9-T9) -> 1125 | W9: =IF(V9=0,0,IF(T9=0,1,V9/T9)) -> 0.099884578 | X9: =SUMIF($D$6:W$6,X$5,$D9:W9) -> 38379 | Y9: =SUMIF($D$6:X$6,Y$5,$D9:X9) -> 35922 | Z9: =SUM(Y9-X9) -> -2457 | AA9: =IF(Z9=0,0,IF(X9=0,1,Z9/X9)) -> -0.064019386 | AB9: =+DD9 -> 10359 | AC9: =OFFSET(DD9,0,14,1,1) -> 12652 | AD9: =SUM(AC9-AB9) -> 2293 | AE9: =IF(AD9=0,0,IF(AB9=0,1,AD9/AB9)) -> 0.22135341 | AF9: =SUMIF($D$6:AE$6,AF$5,$D9:AE9) -> 48738 | AG9: =SUMIF($D$6:AF$6,AG$5,$D9:AF9) -> 48574 | AH9: =SUM(AG9-AF9) -> -164 | AI9: =IF(AH9=0,0,IF(AF9=0,1,AH9/AF9)) -> -0.0033649309 | AJ9: =+DE9 -> 19433 | AK9: =OFFSET(DE9,0,14,1,1) -> 22545 | AL9: =SUM(AK9-AJ9) -> 3112 | AM9: =IF(AL9=0,0,IF(AJ9=0,1,AL9/AJ9)) -> 0.16013997 | AN9: =SUMIF($D$6:AM$6,AN$5,$D9:AM9) -> 68171 | AO9: =SUMIF($D$6:AN$6,AO$5,$D9:AN9) -> 71119 | AP9: =SUM(AO9-AN9) -> 2948 | AQ9: =IF(AP9=0,0,IF(AN9=0,1,AP9/AN9)) -> 0.043244195 | AR9: =+DF9 -> 29651 | AS9: =OFFSET(DF9,0,14,1,1) -> 29011 | AT9: =SUM(AS9-AR9) -> -640 | AU9: =IF(AT9=0,0,IF(AR9=0,1,AT9/AR9)) -> -0.021584432 | AV9: =SUMIF($D$6:AU$6,AV$5,$D9:AU9) -> 97822 | AW9: =SUMIF($D$6:AV$6,AW$5,$D9:AV9) -> 100130 | AX9: =SUM(AW9-AV9) -> 2308 | AY9: =IF(AX9=0,0,IF(AV9=0,1,AX9/AV9)) -> 0.023593875 | AZ9: =+DG9 -> 25974 | BA9: =OFFSET(DG9,0,14,1,1) -> 27758 | BB9: =SUM(BA9-AZ9) -> 1784 | BC9: =IF(BB9=0,0,IF(AZ9=0,1,BB9/AZ9)) -> 0.068684069 | BD9: =SUMIF($D$6:BC$6,BD$5,$D9:BC9) -> 123796 | BE9: =SUMIF($D$6:BD$6,BE$5,$D9:BD9) -> 127888 | BF9: =SUM(BE9-BD9) -> 4092 | BG9: =IF(BF9=0,0,IF(BD9=0,1,BF9/BD9)) -> 0.03305438 | BH9: =+DH9 -> 25398 | BI9: =OFFSET(DH9,0,14,1,1) -> 25827 | BJ9: =SUM(BI9-BH9) -> 429 | BK9: =IF(BJ9=0,0,IF(BH9=0,1,BJ9/BH9)) -> 0.016891094 | BL9: =SUMIF($D$6:BK$6,BL$5,$D9:BK9) -> 149194 | BM9: =SUMIF($D$6:BL$6,BM$5,$D9:BL9) -> 153715 | BN9: =SUM(BM9-BL9) -> 4521 | BO9: =IF(BN9=0,0,IF(BL9=0,1,BN9/BL9)) -> 0.030302827 | BP9: =+DI9 -> 19080 | BQ9: =OFFSET(DI9,0,14,1,1) -> 0 | BR9: =SUM(BQ9-BP9) -> -19080 | BS9: =IF(BR9=0,0,IF(BP9=0,1,BR9/BP9)) -> -1 | BT9: =SUMIF($D$6:BS$6,BT$5,$D9:BS9) -> 168274 | BU9: =SUMIF($D$6:BT$6,BU$5,$D9:BT9) -> 153715 | BV9: =SUM(BU9-BT9) -> -14559 | BW9: =IF(BV9=0,0,IF(BT9=0,1,BV9/BT9)) -> -0.086519605 | BX9: =+DJ9 -> 14295 | BY9: =OFFSET(DJ9,0,14,1,1) -> 0 | BZ9: =SUM(BY9-BX9) -> -14295 | CA9: =IF(BZ9=0,0,IF(BX9=0,1,BZ9/BX9)) -> -1 | CB9: =SUMIF($D$6:CA$6,CB$5,$D9:CA9) -> 182569 | CC9: =SUMIF($D$6:CB$6,CC$5,$D9:CB9) -> 153715 | CD9: =SUM(CC9-CB9) -> -28854 | CE9: =IF(CD9=0,0,IF(CB9=0,1,CD9/CB9)) -> -0.15804436 | CF9: =+DK9 -> 12504 | CG9: =OFFSET(DK9,0,14,1,1) -> 0 | CH9: =SUM(CG9-CF9) -> -12504 | CI9: =IF(CH9=0,0,IF(CF9=0,1,CH9/CF9)) -> -1 | CJ9: =SUMIF($D$6:CI$6,CJ$5,$D9:CI9) -> 195073 | CK9: =SUMIF($D$6:CJ$6,CK$5,$D9:CJ9) -> 153715 | CL9: =SUM(CK9-CJ9) -> -41358 | CM9: =IF(CL9=0,0,IF(CJ9=0,1,CL9/CJ9)) -> -0.21201294 | CN9: =+DL9 -> 13751 | CO9: =OFFSET(DL9,0,14,1,1) -> 0 | CP9: =SUM(CO9-CN9) -> -13751 | CQ9: =IF(CP9=0,0,IF(CN9=0,1,CP9/CN9)) -> -1 | CR9: =SUMIF($D$6:CQ$6,CR$5,$D9:CQ9) -> 208824 | CS9: =SUMIF($D$6:CR$6,CS$5,$D9:CR9) -> 153715 | CT9: =SUM(CS9-CR9) -> -55109 | CU9: =IF(CT9=0,0,IF(CR9=0,1,CT9/CR9)) -> -0.26390166 | CX9: Aazhogan Bridge | CY9: Passenger Cars | DA9: =SUMIF(AAZ!$A$131:$A$138,Traffic!DA$7,AAZ!E$131:E$138) -> 14814 | DB9: =SUMIF(AAZ!$A$131:$A$138,Traffic!DB$7,AAZ!F$131:F$138) -> 12302 | DC9: =SUMIF(AAZ!$A$131:$A$138,Traffic!DC$7,AAZ!G$131:G$138) -> 11263 | DD9: =SUMIF(AAZ!$A$131:$A$138,Traffic!DD$7,AAZ!H$131:H$138) -> 10359 | DE9: =SUMIF(AAZ!$A$131:$A$138,Traffic!DE$7,AAZ!I$131:I$138) -> 19433 | DF9: =SUMIF(AAZ!$A$131:$A$138,Traffic!DF$7,AAZ!J$131:J$138) -> 29651 | DG9: =SUMIF(AAZ!$A$131:$A$138,Traffic!DG$7,AAZ!K$131:K$138) -> 25974 | DH9: =SUMIF(AAZ!$A$131:$A$138,Traffic!DH$7,AAZ!L$131:L$138) -> 25398 | ... DL9: =SUMIF(AAZ!$A$131:$A$138,Traffic!DL$7,AAZ!P$131:P$138) -> 13751 | DO9: =SUMIF(AAZ!$A$131:$A$138,Traffic!DO$7,AAZ!E$131:E$138) -> 12792 | DP9: =SUMIF(AAZ!$A$131:$A$138,Traffic!DP$7,AAZ!F$131:F$138) -> 10742 | DQ9: =SUMIF(AAZ!$A$131:$A$138,Traffic!DQ$7,AAZ!G$131:G$138) -> 12388 | DR9: =SUMIF(AAZ!$A$131:$A$138,Traffic!DR$7,AAZ!H$131:H$138) -> 12652 | DS9: =SUMIF(AAZ!$A$131:$A$138,Traffic!DS$7,AAZ!I$131:I$138) -> 22545 | DT9: =SUMIF(AAZ!$A$131:$A$138,Traffic!DT$7,AAZ!J$131:J$138) -> 29011 | DU9: =SUMIF(AAZ!$A$131:$A$138,Traffic!DU$7,AAZ!K$131:K$138) -> 27758 | DV9: =SUMIF(AAZ!$A$131:$A$138,Traffic!DV$7,AAZ!L$131:L$138) -> 25827 | ... DZ9: =SUMIF(AAZ!$A$131:$A$138,Traffic!DZ$7,AAZ!P$131:P$138) -> 0 | EB9: =SUM(DA9) -> 14814 | EC9: =SUM($DA9:DB9) -> 27116 | ED9: =SUM($DA9:DC9) -> 38379 | EE9: =SUM($DA9:DD9) -> 48738 | EF9: =SUM($DA9:DE9) -> 68171 | EG9: =SUM($DA9:DF9) -> 97822 | EH9: =SUM($DA9:DG9) -> 123796 | EI9: =SUM($DA9:DH9) -> 149194 | EJ9: =SUM($DA9:DI9) -> 168274 | ... EM9: =SUM($DA9:DL9) -> 208824 | EQ9: =SUM($DO9:DO9) -> 12792 | ER9: =SUM($DO9:DP9) -> 23534 | ES9: =SUM($DO9:DQ9) -> 35922 | ET9: =SUM($DO9:DR9) -> 48574 | EU9: =SUM($DO9:DS9) -> 71119 | EV9: =SUM($DO9:DT9) -> 100130 | EW9: =SUM($DO9:DU9) -> 127888 | EX9: =SUM($DO9:DV9) -> 153715 | ... FB9: =SUM($DO9:DZ9) -> 153715 | FD9: =SUMIFS($DA9:$DZ9,$DA$8:$DZ$8,FD$7,$DA$7:$DZ$7,FD$8) -> 25398 | FE9: =SUMIFS($DA9:$DZ9,$DA$8:$DZ$8,FE$7,$DA$7:$DZ$7,FE$8) -> 25827 | FF9: =+FE9-FD9 -> 429 | FG9: =IFERROR(FF9/FD9,1) -> 0.016891094 | FI9: =SUMIFS($EB9:$FB9,$EB$8:$FB$8,FI$7,$EB$7:$FB$7,FI$8) -> 149194 | FJ9: =SUMIFS($EB9:$FB9,$EB$8:$FB$8,FJ$7,$EB$7:$FB$7,FJ$8) -> 153715 | FK9: =+FJ9-FI9 -> 4521 | FL9: =IFERROR(FK9/FI9,1) -> 0.030302827
A10: =+CX11 -> Aazhogan Bridge | B10: AAZ | C10: Trucks | D10: =+DA10 -> 931 | E10: =OFFSET(DA10,0,14,1,1) -> 544 | F10: =SUM(E10-D10) -> -387 | G10: =IF(F10=0,0,IF(D10=0,1,F10/D10)) -> -0.41568206 | H10: =SUMIF($D$6:G$6,H$5,$D10:G10) -> 931 | I10: =SUMIF($D$6:H$6,I$5,$D10:H10) -> 544 | J10: =SUM(I10-H10) -> -387 | K10: =IF(J10=0,0,IF(H10=0,1,J10/H10)) -> -0.41568206 | L10: =+DB10 -> 884 | M10: =OFFSET(DB10,0,14,1,1) -> 594 | N10: =SUM(M10-L10) -> -290 | O10: =IF(N10=0,0,IF(L10=0,1,N10/L10)) -> -0.3280543 | P10: =SUMIF($D$6:O$6,P$5,$D10:O10) -> 1815 | Q10: =SUMIF($D$6:P$6,Q$5,$D10:P10) -> 1138 | R10: =SUM(Q10-P10) -> -677 | S10: =IF(R10=0,0,IF(P10=0,1,R10/P10)) -> -0.37300275 | T10: =+DC10 -> 739 | U10: =OFFSET(DC10,0,14,1,1) -> 751 | V10: =SUM(U10-T10) -> 12 | W10: =IF(V10=0,0,IF(T10=0,1,V10/T10)) -> 0.01623816 | X10: =SUMIF($D$6:W$6,X$5,$D10:W10) -> 2554 | Y10: =SUMIF($D$6:X$6,Y$5,$D10:X10) -> 1889 | Z10: =SUM(Y10-X10) -> -665 | AA10: =IF(Z10=0,0,IF(X10=0,1,Z10/X10)) -> -0.26037588 | AB10: =+DD10 -> 568 | AC10: =OFFSET(DD10,0,14,1,1) -> 510 | AD10: =SUM(AC10-AB10) -> -58 | AE10: =IF(AD10=0,0,IF(AB10=0,1,AD10/AB10)) -> -0.10211268 | AF10: =SUMIF($D$6:AE$6,AF$5,$D10:AE10) -> 3122 | AG10: =SUMIF($D$6:AF$6,AG$5,$D10:AF10) -> 2399 | AH10: =SUM(AG10-AF10) -> -723 | AI10: =IF(AH10=0,0,IF(AF10=0,1,AH10/AF10)) -> -0.23158232 | AJ10: =+DE10 -> 567 | AK10: =OFFSET(DE10,0,14,1,1) -> 564 | AL10: =SUM(AK10-AJ10) -> -3 | AM10: =IF(AL10=0,0,IF(AJ10=0,1,AL10/AJ10)) -> -0.0052910053 | AN10: =SUMIF($D$6:AM$6,AN$5,$D10:AM10) -> 3689 | AO10: =SUMIF($D$6:AN$6,AO$5,$D10:AN10) -> 2963 | AP10: =SUM(AO10-AN10) -> -726 | AQ10: =IF(AP10=0,0,IF(AN10=0,1,AP10/AN10)) -> -0.1968013 | AR10: =+DF10 -> 568 | AS10: =OFFSET(DF10,0,14,1,1) -> 620 | AT10: =SUM(AS10-AR10) -> 52 | AU10: =IF(AT10=0,0,IF(AR10=0,1,AT10/AR10)) -> 0.091549296 | AV10: =SUMIF($D$6:AU$6,AV$5,$D10:AU10) -> 4257 | AW10: =SUMIF($D$6:AV$6,AW$5,$D10:AV10) -> 3583 | AX10: =SUM(AW10-AV10) -> -674 | AY10: =IF(AX10=0,0,IF(AV10=0,1,AX10/AV10)) -> -0.15832746 | AZ10: =+DG10 -> 693 | BA10: =OFFSET(DG10,0,14,1,1) -> 556 | BB10: =SUM(BA10-AZ10) -> -137 | BC10: =IF(BB10=0,0,IF(AZ10=0,1,BB10/AZ10)) -> -0.1976912 | BD10: =SUMIF($D$6:BC$6,BD$5,$D10:BC10) -> 4950 | BE10: =SUMIF($D$6:BD$6,BE$5,$D10:BD10) -> 4139 | BF10: =SUM(BE10-BD10) -> -811 | BG10: =IF(BF10=0,0,IF(BD10=0,1,BF10/BD10)) -> -0.16383838 | BH10: =+DH10 -> 633 | BI10: =OFFSET(DH10,0,14,1,1) -> 549 | BJ10: =SUM(BI10-BH10) -> -84 | BK10: =IF(BJ10=0,0,IF(BH10=0,1,BJ10/BH10)) -> -0.13270142 | BL10: =SUMIF($D$6:BK$6,BL$5,$D10:BK10) -> 5583 | BM10: =SUMIF($D$6:BL$6,BM$5,$D10:BL10) -> 4688 | BN10: =SUM(BM10-BL10) -> -895 | BO10: =IF(BN10=0,0,IF(BL10=0,1,BN10/BL10)) -> -0.16030808 | BP10: =+DI10 -> 733 | BQ10: =OFFSET(DI10,0,14,1,1) -> 0 | BR10: =SUM(BQ10-BP10) -> -733 | BS10: =IF(BR10=0,0,IF(BP10=0,1,BR10/BP10)) -> -1 | BT10: =SUMIF($D$6:BS$6,BT$5,$D10:BS10) -> 6316 | BU10: =SUMIF($D$6:BT$6,BU$5,$D10:BT10) -> 4688 | BV10: =SUM(BU10-BT10) -> -1628 | BW10: =IF(BV10=0,0,IF(BT10=0,1,BV10/BT10)) -> -0.25775807 | BX10: =+DJ10 -> 674 | BY10: =OFFSET(DJ10,0,14,1,1) -> 0 | BZ10: =SUM(BY10-BX10) -> -674 | CA10: =IF(BZ10=0,0,IF(BX10=0,1,BZ10/BX10)) -> -1 | CB10: =SUMIF($D$6:CA$6,CB$5,$D10:CA10) -> 6990 | CC10: =SUMIF($D$6:CB$6,CC$5,$D10:CB10) -> 4688 | CD10: =SUM(CC10-CB10) -> -2302 | CE10: =IF(CD10=0,0,IF(CB10=0,1,CD10/CB10)) -> -0.32932761 | CF10: =+DK10 -> 634 | CG10: =OFFSET(DK10,0,14,1,1) -> 0 | CH10: =SUM(CG10-CF10) -> -634 | CI10: =IF(CH10=0,0,IF(CF10=0,1,CH10/CF10)) -> -1 | CJ10: =SUMIF($D$6:CI$6,CJ$5,$D10:CI10) -> 7624 | CK10: =SUMIF($D$6:CJ$6,CK$5,$D10:CJ10) -> 4688 | CL10: =SUM(CK10-CJ10) -> -2936 | CM10: =IF(CL10=0,0,IF(CJ10=0,1,CL10/CJ10)) -> -0.38509969 | CN10: =+DL10 -> 582 | CO10: =OFFSET(DL10,0,14,1,1) -> 0 | CP10: =SUM(CO10-CN10) -> -582 | CQ10: =IF(CP10=0,0,IF(CN10=0,1,CP10/CN10)) -> -1 | CR10: =SUMIF($D$6:CQ$6,CR$5,$D10:CQ10) -> 8206 | CS10: =SUMIF($D$6:CR$6,CS$5,$D10:CR10) -> 4688 | CT10: =SUM(CS10-CR10) -> -3518 | CU10: =IF(CT10=0,0,IF(CR10=0,1,CT10/CR10)) -> -0.4287107 | CX10: Aazhogan Bridge | CY10: Trucks | DA10: =SUMIF(AAZ!$A$154:$A$161,Traffic!DA$7,AAZ!E$154:E$161) -> 931 | DB10: =SUMIF(AAZ!$A$154:$A$161,Traffic!DB$7,AAZ!F$154:F$161) -> 884 | DC10: =SUMIF(AAZ!$A$154:$A$161,Traffic!DC$7,AAZ!G$154:G$161) -> 739 | DD10: =SUMIF(AAZ!$A$154:$A$161,Traffic!DD$7,AAZ!H$154:H$161) -> 568 | DE10: =SUMIF(AAZ!$A$154:$A$161,Traffic!DE$7,AAZ!I$154:I$161) -> 567 | DF10: =SUMIF(AAZ!$A$154:$A$161,Traffic!DF$7,AAZ!J$154:J$161) -> 568 | DG10: =SUMIF(AAZ!$A$154:$A$161,Traffic!DG$7,AAZ!K$154:K$161) -> 693 | DH10: =SUMIF(AAZ!$A$154:$A$161,Traffic!DH$7,AAZ!L$154:L$161) -> 633 | ... DL10: =SUMIF(AAZ!$A$154:$A$161,Traffic!DL$7,AAZ!P$154:P$161) -> 582 | DO10: =SUMIF(AAZ!$A$154:$A$161,Traffic!DO$7,AAZ!E$154:E$161) -> 544 | DP10: =SUMIF(AAZ!$A$154:$A$161,Traffic!DP$7,AAZ!F$154:F$161) -> 594 | DQ10: =SUMIF(AAZ!$A$154:$A$161,Traffic!DQ$7,AAZ!G$154:G$161) -> 751 | DR10: =SUMIF(AAZ!$A$154:$A$161,Traffic!DR$7,AAZ!H$154:H$161) -> 510 | DS10: =SUMIF(AAZ!$A$154:$A$161,Traffic!DS$7,AAZ!I$154:I$161) -> 564 | DT10: =SUMIF(AAZ!$A$154:$A$161,Traffic!DT$7,AAZ!J$154:J$161) -> 620 | DU10: =SUMIF(AAZ!$A$154:$A$161,Traffic!DU$7,AAZ!K$154:K$161) -> 556 | DV10: =SUMIF(AAZ!$A$154:$A$161,Traffic!DV$7,AAZ!L$154:L$161) -> 549 | ... DZ10: =SUMIF(AAZ!$A$154:$A$161,Traffic!DZ$7,AAZ!P$154:P$161) -> 0 | EB10: =SUM(DA10) -> 931 | EC10: =SUM($DA10:DB10) -> 1815 | ED10: =SUM($DA10:DC10) -> 2554 | EE10: =SUM($DA10:DD10) -> 3122 | EF10: =SUM($DA10:DE10) -> 3689 | EG10: =SUM($DA10:DF10) -> 4257 | EH10: =SUM($DA10:DG10) -> 4950 | EI10: =SUM($DA10:DH10) -> 5583 | EJ10: =SUM($DA10:DI10) -> 6316 | ... EM10: =SUM($DA10:DL10) -> 8206 | EQ10: =SUM($DO10:DO10) -> 544 | ER10: =SUM($DO10:DP10) -> 1138 | ES10: =SUM($DO10:DQ10) -> 1889 | ET10: =SUM($DO10:DR10) -> 2399 | EU10: =SUM($DO10:DS10) -> 2963 | EV10: =SUM($DO10:DT10) -> 3583 | EW10: =SUM($DO10:DU10) -> 4139 | EX10: =SUM($DO10:DV10) -> 4688 | ... FB10: =SUM($DO10:DZ10) -> 4688 | FD10: =SUMIFS($DA10:$DZ10,$DA$8:$DZ$8,FD$7,$DA$7:$DZ$7,FD$8) -> 633 | FE10: =SUMIFS($DA10:$DZ10,$DA$8:$DZ$8,FE$7,$DA$7:$DZ$7,FE$8) -> 549 | FF10: =+FE10-FD10 -> -84 | FG10: =IFERROR(FF10/FD10,1) -> -0.13270142 | FI10: =SUMIFS($EB10:$FB10,$EB$8:$FB$8,FI$7,$EB$7:$FB$7,FI$8) -> 5583 | FJ10: =SUMIFS($EB10:$FB10,$EB$8:$FB$8,FJ$7,$EB$7:$FB$7,FJ$8) -> 4688 | FK10: =+FJ10-FI10 -> -895 | FL10: =IFERROR(FK10/FI10,1) -> -0.16030808
A11: (Northbound Traffic Volumes Only) | B11: AAZ | C11: Buses & Misc. | D11: =+DA11 -> 18 | E11: =OFFSET(DA11,0,14,1,1) -> 7 | F11: =SUM(E11-D11) -> -11 | G11: =IF(F11=0,0,IF(D11=0,1,F11/D11)) -> -0.61111111 | H11: =SUMIF($D$6:G$6,H$5,$D11:G11) -> 18 | I11: =SUMIF($D$6:H$6,I$5,$D11:H11) -> 7 | J11: =SUM(I11-H11) -> -11 | K11: =IF(J11=0,0,IF(H11=0,1,J11/H11)) -> -0.61111111 | L11: =+DB11 -> 10 | M11: =OFFSET(DB11,0,14,1,1) -> 6 | N11: =SUM(M11-L11) -> -4 | O11: =IF(N11=0,0,IF(L11=0,1,N11/L11)) -> -0.4 | P11: =SUMIF($D$6:O$6,P$5,$D11:O11) -> 28 | Q11: =SUMIF($D$6:P$6,Q$5,$D11:P11) -> 13 | R11: =SUM(Q11-P11) -> -15 | S11: =IF(R11=0,0,IF(P11=0,1,R11/P11)) -> -0.53571429 | T11: =+DC11 -> 14 | U11: =OFFSET(DC11,0,14,1,1) -> 10 | V11: =SUM(U11-T11) -> -4 | W11: =IF(V11=0,0,IF(T11=0,1,V11/T11)) -> -0.28571429 | X11: =SUMIF($D$6:W$6,X$5,$D11:W11) -> 42 | Y11: =SUMIF($D$6:X$6,Y$5,$D11:X11) -> 23 | Z11: =SUM(Y11-X11) -> -19 | AA11: =IF(Z11=0,0,IF(X11=0,1,Z11/X11)) -> -0.45238095 | AB11: =+DD11 -> 10 | AC11: =OFFSET(DD11,0,14,1,1) -> 15 | AD11: =SUM(AC11-AB11) -> 5 | AE11: =IF(AD11=0,0,IF(AB11=0,1,AD11/AB11)) -> 0.5 | AF11: =SUMIF($D$6:AE$6,AF$5,$D11:AE11) -> 52 | AG11: =SUMIF($D$6:AF$6,AG$5,$D11:AF11) -> 38 | AH11: =SUM(AG11-AF11) -> -14 | AI11: =IF(AH11=0,0,IF(AF11=0,1,AH11/AF11)) -> -0.26923077 | AJ11: =+DE11 -> 107 | AK11: =OFFSET(DE11,0,14,1,1) -> 112 | AL11: =SUM(AK11-AJ11) -> 5 | AM11: =IF(AL11=0,0,IF(AJ11=0,1,AL11/AJ11)) -> 0.046728972 | AN11: =SUMIF($D$6:AM$6,AN$5,$D11:AM11) -> 159 | AO11: =SUMIF($D$6:AN$6,AO$5,$D11:AN11) -> 150 | AP11: =SUM(AO11-AN11) -> -9 | AQ11: =IF(AP11=0,0,IF(AN11=0,1,AP11/AN11)) -> -0.056603774 | AR11: =+DF11 -> 95 | AS11: =OFFSET(DF11,0,14,1,1) -> 208 | AT11: =SUM(AS11-AR11) -> 113 | AU11: =IF(AT11=0,0,IF(AR11=0,1,AT11/AR11)) -> 1.1894737 | AV11: =SUMIF($D$6:AU$6,AV$5,$D11:AU11) -> 254 | AW11: =SUMIF($D$6:AV$6,AW$5,$D11:AV11) -> 358 | AX11: =SUM(AW11-AV11) -> 104 | AY11: =IF(AX11=0,0,IF(AV11=0,1,AX11/AV11)) -> 0.40944882 | AZ11: =+DG11 -> 271 | BA11: =OFFSET(DG11,0,14,1,1) -> 265 | BB11: =SUM(BA11-AZ11) -> -6 | BC11: =IF(BB11=0,0,IF(AZ11=0,1,BB11/AZ11)) -> -0.022140221 | BD11: =SUMIF($D$6:BC$6,BD$5,$D11:BC11) -> 525 | BE11: =SUMIF($D$6:BD$6,BE$5,$D11:BD11) -> 623 | BF11: =SUM(BE11-BD11) -> 98 | BG11: =IF(BF11=0,0,IF(BD11=0,1,BF11/BD11)) -> 0.18666667 | BH11: =+DH11 -> 232 | BI11: =OFFSET(DH11,0,14,1,1) -> 226 | BJ11: =SUM(BI11-BH11) -> -6 | BK11: =IF(BJ11=0,0,IF(BH11=0,1,BJ11/BH11)) -> -0.025862069 | BL11: =SUMIF($D$6:BK$6,BL$5,$D11:BK11) -> 757 | BM11: =SUMIF($D$6:BL$6,BM$5,$D11:BL11) -> 849 | BN11: =SUM(BM11-BL11) -> 92 | BO11: =IF(BN11=0,0,IF(BL11=0,1,BN11/BL11)) -> 0.12153236 | BP11: =+DI11 -> 131 | BQ11: =OFFSET(DI11,0,14,1,1) -> 0 | BR11: =SUM(BQ11-BP11) -> -131 | BS11: =IF(BR11=0,0,IF(BP11=0,1,BR11/BP11)) -> -1 | BT11: =SUMIF($D$6:BS$6,BT$5,$D11:BS11) -> 888 | BU11: =SUMIF($D$6:BT$6,BU$5,$D11:BT11) -> 849 | BV11: =SUM(BU11-BT11) -> -39 | BW11: =IF(BV11=0,0,IF(BT11=0,1,BV11/BT11)) -> -0.043918919 | BX11: =+DJ11 -> 38 | BY11: =OFFSET(DJ11,0,14,1,1) -> 0 | BZ11: =SUM(BY11-BX11) -> -38 | CA11: =IF(BZ11=0,0,IF(BX11=0,1,BZ11/BX11)) -> -1 | CB11: =SUMIF($D$6:CA$6,CB$5,$D11:CA11) -> 926 | CC11: =SUMIF($D$6:CB$6,CC$5,$D11:CB11) -> 849 | CD11: =SUM(CC11-CB11) -> -77 | CE11: =IF(CD11=0,0,IF(CB11=0,1,CD11/CB11)) -> -0.083153348 | CF11: =+DK11 -> 7 | CG11: =OFFSET(DK11,0,14,1,1) -> 0 | CH11: =SUM(CG11-CF11) -> -7 | CI11: =IF(CH11=0,0,IF(CF11=0,1,CH11/CF11)) -> -1 | CJ11: =SUMIF($D$6:CI$6,CJ$5,$D11:CI11) -> 933 | CK11: =SUMIF($D$6:CJ$6,CK$5,$D11:CJ11) -> 849 | CL11: =SUM(CK11-CJ11) -> -84 | CM11: =IF(CL11=0,0,IF(CJ11=0,1,CL11/CJ11)) -> -0.090032154 | CN11: =+DL11 -> 9 | CO11: =OFFSET(DL11,0,14,1,1) -> 0 | CP11: =SUM(CO11-CN11) -> -9 | CQ11: =IF(CP11=0,0,IF(CN11=0,1,CP11/CN11)) -> -1 | CR11: =SUMIF($D$6:CQ$6,CR$5,$D11:CQ11) -> 942 | CS11: =SUMIF($D$6:CR$6,CS$5,$D11:CR11) -> 849 | CT11: =SUM(CS11-CR11) -> -93 | CU11: =IF(CT11=0,0,IF(CR11=0,1,CT11/CR11)) -> -0.098726115 | CX11: Aazhogan Bridge | CY11: Buses & Misc. | DA11: =SUMIF(AAZ!$A$177:$A$184,Traffic!DA$7,AAZ!E$177:E$184) -> 18 | DB11: =SUMIF(AAZ!$A$177:$A$184,Traffic!DB$7,AAZ!F$177:F$184) -> 10 | DC11: =SUMIF(AAZ!$A$177:$A$184,Traffic!DC$7,AAZ!G$177:G$184) -> 14 | DD11: =SUMIF(AAZ!$A$177:$A$184,Traffic!DD$7,AAZ!H$177:H$184) -> 10 | DE11: =SUMIF(AAZ!$A$177:$A$184,Traffic!DE$7,AAZ!I$177:I$184) -> 107 | DF11: =SUMIF(AAZ!$A$177:$A$184,Traffic!DF$7,AAZ!J$177:J$184) -> 95 | DG11: =SUMIF(AAZ!$A$177:$A$184,Traffic!DG$7,AAZ!K$177:K$184) -> 271 | DH11: =SUMIF(AAZ!$A$177:$A$184,Traffic!DH$7,AAZ!L$177:L$184) -> 232 | ... DL11: =SUMIF(AAZ!$A$177:$A$184,Traffic!DL$7,AAZ!P$177:P$184) -> 9 | DO11: =SUMIF(AAZ!$A$177:$A$184,Traffic!DO$7,AAZ!E$177:E$184) -> 7 | DP11: =SUMIF(AAZ!$A$177:$A$184,Traffic!DP$7,AAZ!F$177:F$184) -> 6 | DQ11: =SUMIF(AAZ!$A$177:$A$184,Traffic!DQ$7,AAZ!G$177:G$184) -> 10 | DR11: =SUMIF(AAZ!$A$177:$A$184,Traffic!DR$7,AAZ!H$177:H$184) -> 15 | DS11: =SUMIF(AAZ!$A$177:$A$184,Traffic!DS$7,AAZ!I$177:I$184) -> 112 | DT11: =SUMIF(AAZ!$A$177:$A$184,Traffic!DT$7,AAZ!J$177:J$184) -> 208 | DU11: =SUMIF(AAZ!$A$177:$A$184,Traffic!DU$7,AAZ!K$177:K$184) -> 265 | DV11: =SUMIF(AAZ!$A$177:$A$184,Traffic!DV$7,AAZ!L$177:L$184) -> 226 | ... DZ11: =SUMIF(AAZ!$A$177:$A$184,Traffic!DZ$7,AAZ!P$177:P$184) -> 0 | EB11: =SUM(DA11) -> 18 | EC11: =SUM($DA11:DB11) -> 28 | ED11: =SUM($DA11:DC11) -> 42 | EE11: =SUM($DA11:DD11) -> 52 | EF11: =SUM($DA11:DE11) -> 159 | EG11: =SUM($DA11:DF11) -> 254 | EH11: =SUM($DA11:DG11) -> 525 | EI11: =SUM($DA11:DH11) -> 757 | EJ11: =SUM($DA11:DI11) -> 888 | ... EM11: =SUM($DA11:DL11) -> 942 | EQ11: =SUM($DO11:DO11) -> 7 | ER11: =SUM($DO11:DP11) -> 13 | ES11: =SUM($DO11:DQ11) -> 23 | ET11: =SUM($DO11:DR11) -> 38 | EU11: =SUM($DO11:DS11) -> 150 | EV11: =SUM($DO11:DT11) -> 358 | EW11: =SUM($DO11:DU11) -> 623 | EX11: =SUM($DO11:DV11) -> 849 | ... FB11: =SUM($DO11:DZ11) -> 849 | FD11: =SUMIFS($DA11:$DZ11,$DA$8:$DZ$8,FD$7,$DA$7:$DZ$7,FD$8) -> 232 | FE11: =SUMIFS($DA11:$DZ11,$DA$8:$DZ$8,FE$7,$DA$7:$DZ$7,FE$8) -> 226 | FF11: =+FE11-FD11 -> -6 | FG11: =IFERROR(FF11/FD11,1) -> -0.025862069 | FI11: =SUMIFS($EB11:$FB11,$EB$8:$FB$8,FI$7,$EB$7:$FB$7,FI$8) -> 757 | FJ11: =SUMIFS($EB11:$FB11,$EB$8:$FB$8,FJ$7,$EB$7:$FB$7,FJ$8) -> 849 | FK11: =+FJ11-FI11 -> 92 | FL11: =IFERROR(FK11/FI11,1) -> 0.12153236
B12: AAZ | C12: TOTAL | D12: =+SUM(D9:D11) -> 15763 | E12: =+SUM(E9:E11) -> 13343 | F12: =SUM(F9:F11) -> -2420 | G12: =IF(F12=0,0,IF(D12=0,1,F12/D12)) -> -0.15352408 | H12: =SUM(H9:H11) -> 15763 | I12: =SUM(I9:I11) -> 13343 | J12: =SUM(J9:J11) -> -2420 | K12: =IF(J12=0,0,IF(H12=0,1,J12/H12)) -> -0.15352408 | L12: =+SUM(L9:L11) -> 13196 | M12: =+SUM(M9:M11) -> 11342 | N12: =SUM(N9:N11) -> -1854 | O12: =IF(N12=0,0,IF(L12=0,1,N12/L12)) -> -0.14049712 | P12: =SUM(P9:P11) -> 28959 | Q12: =SUM(Q9:Q11) -> 24685 | R12: =SUM(R9:R11) -> -4274 | S12: =IF(R12=0,0,IF(P12=0,1,R12/P12)) -> -0.14758797 | T12: =+SUM(T9:T11) -> 12016 | U12: =+SUM(U9:U11) -> 13149 | V12: =SUM(V9:V11) -> 1133 | W12: =IF(V12=0,0,IF(T12=0,1,V12/T12)) -> 0.094290945 | X12: =SUM(X9:X11) -> 40975 | Y12: =SUM(Y9:Y11) -> 37834 | Z12: =SUM(Z9:Z11) -> -3141 | AA12: =IF(Z12=0,0,IF(X12=0,1,Z12/X12)) -> -0.076656498 | AB12: =+SUM(AB9:AB11) -> 10937 | AC12: =+SUM(AC9:AC11) -> 13177 | AD12: =SUM(AD9:AD11) -> 2240 | AE12: =IF(AD12=0,0,IF(AB12=0,1,AD12/AB12)) -> 0.20480936 | AF12: =SUM(AF9:AF11) -> 51912 | AG12: =SUM(AG9:AG11) -> 51011 | AH12: =SUM(AH9:AH11) -> -901 | AI12: =IF(AH12=0,0,IF(AF12=0,1,AH12/AF12)) -> -0.017356295 | AJ12: =+SUM(AJ9:AJ11) -> 20107 | AK12: =+SUM(AK9:AK11) -> 23221 | AL12: =SUM(AL9:AL11) -> 3114 | AM12: =IF(AL12=0,0,IF(AJ12=0,1,AL12/AJ12)) -> 0.15487144 | AN12: =SUM(AN9:AN11) -> 72019 | AO12: =SUM(AO9:AO11) -> 74232 | AP12: =SUM(AP9:AP11) -> 2213 | AQ12: =IF(AP12=0,0,IF(AN12=0,1,AP12/AN12)) -> 0.030728002 | AR12: =+SUM(AR9:AR11) -> 30314 | AS12: =+SUM(AS9:AS11) -> 29839 | AT12: =SUM(AT9:AT11) -> -475 | AU12: =IF(AT12=0,0,IF(AR12=0,1,AT12/AR12)) -> -0.015669328 | AV12: =SUM(AV9:AV11) -> 102333 | AW12: =SUM(AW9:AW11) -> 104071 | AX12: =SUM(AX9:AX11) -> 1738 | AY12: =IF(AX12=0,0,IF(AV12=0,1,AX12/AV12)) -> 0.016983769 | AZ12: =+SUM(AZ9:AZ11) -> 26938 | BA12: =+SUM(BA9:BA11) -> 28579 | BB12: =SUM(BB9:BB11) -> 1641 | BC12: =IF(BB12=0,0,IF(AZ12=0,1,BB12/AZ12)) -> 0.060917663 | BD12: =SUM(BD9:BD11) -> 129271 | BE12: =SUM(BE9:BE11) -> 132650 | BF12: =SUM(BF9:BF11) -> 3379 | BG12: =IF(BF12=0,0,IF(BD12=0,1,BF12/BD12)) -> 0.026138887 | BH12: =+SUM(BH9:BH11) -> 26263 | BI12: =+SUM(BI9:BI11) -> 26602 | BJ12: =SUM(BJ9:BJ11) -> 339 | BK12: =IF(BJ12=0,0,IF(BH12=0,1,BJ12/BH12)) -> 0.012907893 | BL12: =SUM(BL9:BL11) -> 155534 | BM12: =SUM(BM9:BM11) -> 159252 | BN12: =SUM(BN9:BN11) -> 3718 | BO12: =IF(BN12=0,0,IF(BL12=0,1,BN12/BL12)) -> 0.023904741 | BP12: =+SUM(BP9:BP11) -> 19944 | BQ12: =+SUM(BQ9:BQ11) -> 0 | BR12: =SUM(BR9:BR11) -> -19944 | BS12: =IF(BR12=0,0,IF(BP12=0,1,BR12/BP12)) -> -1 | BT12: =SUM(BT9:BT11) -> 175478 | BU12: =SUM(BU9:BU11) -> 159252 | BV12: =SUM(BV9:BV11) -> -16226 | BW12: =IF(BV12=0,0,IF(BT12=0,1,BV12/BT12)) -> -0.092467432 | BX12: =+SUM(BX9:BX11) -> 15007 | BY12: =+SUM(BY9:BY11) -> 0 | BZ12: =SUM(BZ9:BZ11) -> -15007 | CA12: =IF(BZ12=0,0,IF(BX12=0,1,BZ12/BX12)) -> -1 | CB12: =SUM(CB9:CB11) -> 190485 | CC12: =SUM(CC9:CC11) -> 159252 | CD12: =SUM(CD9:CD11) -> -31233 | CE12: =IF(CD12=0,0,IF(CB12=0,1,CD12/CB12)) -> -0.16396567 | CF12: =+SUM(CF9:CF11) -> 13145 | CG12: =+SUM(CG9:CG11) -> 0 | CH12: =SUM(CH9:CH11) -> -13145 | CI12: =IF(CH12=0,0,IF(CF12=0,1,CH12/CF12)) -> -1 | CJ12: =SUM(CJ9:CJ11) -> 203630 | CK12: =SUM(CK9:CK11) -> 159252 | CL12: =SUM(CL9:CL11) -> -44378 | CM12: =IF(CL12=0,0,IF(CJ12=0,1,CL12/CJ12)) -> -0.21793449 | CN12: =+SUM(CN9:CN11) -> 14342 | CO12: =+SUM(CO9:CO11) -> 0 | CP12: =SUM(CP9:CP11) -> -14342 | CQ12: =IF(CP12=0,0,IF(CN12=0,1,CP12/CN12)) -> -1 | CR12: =SUM(CR9:CR11) -> 217972 | CS12: =SUM(CS9:CS11) -> 159252 | CT12: =SUM(CT9:CT11) -> -58720 | CU12: =IF(CT12=0,0,IF(CR12=0,1,CT12/CR12)) -> -0.2693924 | CY12: Total | DA12: =SUM(DA9:DA11) -> 15763 | DB12: =SUM(DB9:DB11) -> 13196 | DC12: =SUM(DC9:DC11) -> 12016 | DD12: =SUM(DD9:DD11) -> 10937 | DE12: =SUM(DE9:DE11) -> 20107 | DF12: =SUM(DF9:DF11) -> 30314 | DG12: =SUM(DG9:DG11) -> 26938 | DH12: =SUM(DH9:DH11) -> 26263 | ... DL12: =SUM(DL9:DL11) -> 14342 | DO12: =SUM(DO9:DO11) -> 13343 | DP12: =SUM(DP9:DP11) -> 11342 | DQ12: =SUM(DQ9:DQ11) -> 13149 | DR12: =SUM(DR9:DR11) -> 13177 | DS12: =SUM(DS9:DS11) -> 23221 | DT12: =SUM(DT9:DT11) -> 29839 | DU12: =SUM(DU9:DU11) -> 28579 | DV12: =SUM(DV9:DV11) -> 26602 | ... DZ12: =SUM(DZ9:DZ11) -> 0 | EB12: =SUM(DA12) -> 15763 | EC12: =SUM($DA12:DB12) -> 28959 | ED12: =SUM($DA12:DC12) -> 40975 | EE12: =SUM($DA12:DD12) -> 51912 | EF12: =SUM($DA12:DE12) -> 72019 | EG12: =SUM($DA12:DF12) -> 102333 | EH12: =SUM($DA12:DG12) -> 129271 | EI12: =SUM($DA12:DH12) -> 155534 | EJ12: =SUM($DA12:DI12) -> 175478 | ... EM12: =SUM($DA12:DL12) -> 217972 | EQ12: =SUM($DO12:DO12) -> 13343 | ER12: =SUM($DO12:DP12) -> 24685 | ES12: =SUM($DO12:DQ12) -> 37834 | ET12: =SUM($DO12:DR12) -> 51011 | EU12: =SUM($DO12:DS12) -> 74232 | EV12: =SUM($DO12:DT12) -> 104071 | EW12: =SUM($DO12:DU12) -> 132650 | EX12: =SUM($DO12:DV12) -> 159252 | ... FB12: =SUM($DO12:DZ12) -> 159252 | FD12: =SUMIFS($DA12:$DZ12,$DA$8:$DZ$8,FD$7,$DA$7:$DZ$7,FD$8) -> 26263 | FE12: =SUMIFS($DA12:$DZ12,$DA$8:$DZ$8,FE$7,$DA$7:$DZ$7,FE$8) -> 26602 | FF12: =+FE12-FD12 -> 339 | FG12: =IFERROR(FF12/FD12,1) -> 0.012907893 | FI12: =SUMIFS($EB12:$FB12,$EB$8:$FB$8,FI$7,$EB$7:$FB$7,FI$8) -> 155534 | FJ12: =SUMIFS($EB12:$FB12,$EB$8:$FB$8,FJ$7,$EB$7:$FB$7,FJ$8) -> 159252 | FK12: =+FJ12-FI12 -> 3718 | FL12: =IFERROR(FK12/FI12,1) -> 0.023904741
B14: AMB | C14: Passenger Cars | D14: =+DA14 -> 280098 | E14: =OFFSET(DA14,0,14,1,1) -> 244968 | F14: =SUM(E14-D14) -> -35130 | G14: =IF(F14=0,0,IF(D14=0,1,F14/D14)) -> -0.12542039 | H14: =SUMIF($D$6:G$6,H$5,$D14:G14) -> 280098 | I14: =SUMIF($D$6:H$6,I$5,$D14:H14) -> 244968 | J14: =SUM(I14-H14) -> -35130 | K14: =IF(J14=0,0,IF(H14=0,1,J14/H14)) -> -0.12542039 | L14: =+DB14 -> 244945 | M14: =OFFSET(DB14,0,14,1,1) -> 235909 | N14: =SUM(M14-L14) -> -9036 | O14: =IF(N14=0,0,IF(L14=0,1,N14/L14)) -> -0.036889914 | P14: =SUMIF($D$6:O$6,P$5,$D14:O14) -> 525043 | Q14: =SUMIF($D$6:P$6,Q$5,$D14:P14) -> 480877 | R14: =SUM(Q14-P14) -> -44166 | S14: =IF(R14=0,0,IF(P14=0,1,R14/P14)) -> -0.084118825 | T14: =+DC14 -> 289302 | U14: =OFFSET(DC14,0,14,1,1) -> 286467 | V14: =SUM(U14-T14) -> -2835 | W14: =IF(V14=0,0,IF(T14=0,1,V14/T14)) -> -0.0097994483 | X14: =SUMIF($D$6:W$6,X$5,$D14:W14) -> 814345 | Y14: =SUMIF($D$6:X$6,Y$5,$D14:X14) -> 767344 | Z14: =SUM(Y14-X14) -> -47001 | AA14: =IF(Z14=0,0,IF(X14=0,1,Z14/X14)) -> -0.057716324 | AB14: =+DD14 -> 269693 | AC14: =OFFSET(DD14,0,14,1,1) -> 287252 | AD14: =SUM(AC14-AB14) -> 17559 | AE14: =IF(AD14=0,0,IF(AB14=0,1,AD14/AB14)) -> 0.065107363 | AF14: =SUMIF($D$6:AE$6,AF$5,$D14:AE14) -> 1084038 | AG14: =SUMIF($D$6:AF$6,AG$5,$D14:AF14) -> 1054596 | AH14: =SUM(AG14-AF14) -> -29442 | AI14: =IF(AH14=0,0,IF(AF14=0,1,AH14/AF14)) -> -0.027159565 | AJ14: =+DE14 -> 305241 | AK14: =OFFSET(DE14,0,14,1,1) -> 344785 | AL14: =SUM(AK14-AJ14) -> 39544 | AM14: =IF(AL14=0,0,IF(AJ14=0,1,AL14/AJ14)) -> 0.12955009 | AN14: =SUMIF($D$6:AM$6,AN$5,$D14:AM14) -> 1389279 | AO14: =SUMIF($D$6:AN$6,AO$5,$D14:AN14) -> 1399381 | AP14: =SUM(AO14-AN14) -> 10102 | AQ14: =IF(AP14=0,0,IF(AN14=0,1,AP14/AN14)) -> 0.0072713976 | AR14: =+DF14 -> 303868 | AS14: =OFFSET(DF14,0,14,1,1) -> 335273 | AT14: =SUM(AS14-AR14) -> 31405 | AU14: =IF(AT14=0,0,IF(AR14=0,1,AT14/AR14)) -> 0.1033508 | AV14: =SUMIF($D$6:AU$6,AV$5,$D14:AU14) -> 1693147 | AW14: =SUMIF($D$6:AV$6,AW$5,$D14:AV14) -> 1734654 | AX14: =SUM(AW14-AV14) -> 41507 | AY14: =IF(AX14=0,0,IF(AV14=0,1,AX14/AV14)) -> 0.024514705 | AZ14: =+DG14 -> 329795 | BA14: =OFFSET(DG14,0,14,1,1) -> 332961 | BB14: =SUM(BA14-AZ14) -> 3166 | BC14: =IF(BB14=0,0,IF(AZ14=0,1,BB14/AZ14)) -> 0.009599903 | BD14: =SUMIF($D$6:BC$6,BD$5,$D14:BC14) -> 2022942 | BE14: =SUMIF($D$6:BD$6,BE$5,$D14:BD14) -> 2067615 | BF14: =SUM(BE14-BD14) -> 44673 | BG14: =IF(BF14=0,0,IF(BD14=0,1,BF14/BD14)) -> 0.022083184 | BH14: =+DH14 -> 344858 | BI14: =OFFSET(DH14,0,14,1,1) -> 195796 | BJ14: =SUM(BI14-BH14) -> -149062 | BK14: =IF(BJ14=0,0,IF(BH14=0,1,BJ14/BH14)) -> -0.43224168 | BL14: =SUMIF($D$6:BK$6,BL$5,$D14:BK14) -> 2367800 | BM14: =SUMIF($D$6:BL$6,BM$5,$D14:BL14) -> 2263411 | BN14: =SUM(BM14-BL14) -> -104389 | BO14: =IF(BN14=0,0,IF(BL14=0,1,BN14/BL14)) -> -0.044086916 | BP14: =+DI14 -> 299282 | BQ14: =OFFSET(DI14,0,14,1,1) -> 0 | BR14: =SUM(BQ14-BP14) -> -299282 | BS14: =IF(BR14=0,0,IF(BP14=0,1,BR14/BP14)) -> -1 | BT14: =SUMIF($D$6:BS$6,BT$5,$D14:BS14) -> 2667082 | BU14: =SUMIF($D$6:BT$6,BU$5,$D14:BT14) -> 2263411 | BV14: =SUM(BU14-BT14) -> -403671 | BW14: =IF(BV14=0,0,IF(BT14=0,1,BV14/BT14)) -> -0.15135305 | BX14: =+DJ14 -> 319794 | BY14: =OFFSET(DJ14,0,14,1,1) -> 0 | BZ14: =SUM(BY14-BX14) -> -319794 | CA14: =IF(BZ14=0,0,IF(BX14=0,1,BZ14/BX14)) -> -1 | CB14: =SUMIF($D$6:CA$6,CB$5,$D14:CA14) -> 2986876 | CC14: =SUMIF($D$6:CB$6,CC$5,$D14:CB14) -> 2263411 | CD14: =SUM(CC14-CB14) -> -723465 | CE14: =IF(CD14=0,0,IF(CB14=0,1,CD14/CB14)) -> -0.24221461 | CF14: =+DK14 -> 284480 | CG14: =OFFSET(DK14,0,14,1,1) -> 0 | CH14: =SUM(CG14-CF14) -> -284480 | CI14: =IF(CH14=0,0,IF(CF14=0,1,CH14/CF14)) -> -1 | CJ14: =SUMIF($D$6:CI$6,CJ$5,$D14:CI14) -> 3271356 | CK14: =SUMIF($D$6:CJ$6,CK$5,$D14:CJ14) -> 2263411 | CL14: =SUM(CK14-CJ14) -> -1007945 | CM14: =IF(CL14=0,0,IF(CJ14=0,1,CL14/CJ14)) -> -0.30811229 | CN14: =+DL14 -> 275952 | CO14: =OFFSET(DL14,0,14,1,1) -> 0 | CP14: =SUM(CO14-CN14) -> -275952 | CQ14: =IF(CP14=0,0,IF(CN14=0,1,CP14/CN14)) -> -1 | CR14: =SUMIF($D$6:CQ$6,CR$5,$D14:CQ14) -> 3547308 | CS14: =SUMIF($D$6:CR$6,CS$5,$D14:CR14) -> 2263411 | CT14: =SUM(CS14-CR14) -> -1283897 | CU14: =IF(CT14=0,0,IF(CR14=0,1,CT14/CR14)) -> -0.36193559 | CX14: Ambassador Bridge | CY14: Passenger Cars | DA14: =SUMIF(AMB!$A$118:$A$138,Traffic!DA$7,AMB!E$118:E$138) -> 280098 | DB14: =SUMIF(AMB!$A$118:$A$138,Traffic!DB$7,AMB!F$118:F$138) -> 244945 | DC14: =SUMIF(AMB!$A$118:$A$138,Traffic!DC$7,AMB!G$118:G$138) -> 289302 | DD14: =SUMIF(AMB!$A$118:$A$138,Traffic!DD$7,AMB!H$118:H$138) -> 269693 | DE14: =SUMIF(AMB!$A$118:$A$138,Traffic!DE$7,AMB!I$118:I$138) -> 305241 | DF14: =SUMIF(AMB!$A$118:$A$138,Traffic!DF$7,AMB!J$118:J$138) -> 303868 | DG14: =SUMIF(AMB!$A$118:$A$138,Traffic!DG$7,AMB!K$118:K$138) -> 329795 | DH14: =SUMIF(AMB!$A$118:$A$138,Traffic!DH$7,AMB!L$118:L$138) -> 344858 | ... DL14: =SUMIF(AMB!$A$118:$A$138,Traffic!DL$7,AMB!P$118:P$138) -> 275952 | DO14: =SUMIF(AMB!$A$118:$A$138,Traffic!DO$7,AMB!E$118:E$138) -> 244968 | DP14: =SUMIF(AMB!$A$118:$A$138,Traffic!DP$7,AMB!F$118:F$138) -> 235909 | DQ14: =SUMIF(AMB!$A$118:$A$138,Traffic!DQ$7,AMB!G$118:G$138) -> 286467 | DR14: =SUMIF(AMB!$A$118:$A$138,Traffic!DR$7,AMB!H$118:H$138) -> 287252 | DS14: =SUMIF(AMB!$A$118:$A$138,Traffic!DS$7,AMB!I$118:I$138) -> 344785 | DT14: =SUMIF(AMB!$A$118:$A$138,Traffic!DT$7,AMB!J$118:J$138) -> 335273 | DU14: =SUMIF(AMB!$A$118:$A$138,Traffic!DU$7,AMB!K$118:K$138) -> 332961 | DV14: =SUMIF(AMB!$A$118:$A$138,Traffic!DV$7,AMB!L$118:L$138) -> 195796 | ... DZ14: =SUMIF(AMB!$A$118:$A$138,Traffic!DZ$7,AMB!P$118:P$138) -> 0 | EB14: =SUM(DA14) -> 280098 | EC14: =SUM($DA14:DB14) -> 525043 | ED14: =SUM($DA14:DC14) -> 814345 | EE14: =SUM($DA14:DD14) -> 1084038 | EF14: =SUM($DA14:DE14) -> 1389279 | EG14: =SUM($DA14:DF14) -> 1693147 | EH14: =SUM($DA14:DG14) -> 2022942 | EI14: =SUM($DA14:DH14) -> 2367800 | EJ14: =SUM($DA14:DI14) -> 2667082 | ... EM14: =SUM($DA14:DL14) -> 3547308 | EQ14: =SUM($DO14:DO14) -> 244968 | ER14: =SUM($DO14:DP14) -> 480877 | ES14: =SUM($DO14:DQ14) -> 767344 | ET14: =SUM($DO14:DR14) -> 1054596 | EU14: =SUM($DO14:DS14) -> 1399381 | EV14: =SUM($DO14:DT14) -> 1734654 | EW14: =SUM($DO14:DU14) -> 2067615 | EX14: =SUM($DO14:DV14) -> 2263411 | ... FB14: =SUM($DO14:DZ14) -> 2263411 | FD14: =SUMIFS($DA14:$DZ14,$DA$8:$DZ$8,FD$7,$DA$7:$DZ$7,FD$8) -> 344858 | FE14: =SUMIFS($DA14:$DZ14,$DA$8:$DZ$8,FE$7,$DA$7:$DZ$7,FE$8) -> 195796 | FF14: =+FE14-FD14 -> -149062 | FG14: =IFERROR(FF14/FD14,1) -> -0.43224168 | FI14: =SUMIFS($EB14:$FB14,$EB$8:$FB$8,FI$7,$EB$7:$FB$7,FI$8) -> 2367800 | FJ14: =SUMIFS($EB14:$FB14,$EB$8:$FB$8,FJ$7,$EB$7:$FB$7,FJ$8) -> 2263411 | FK14: =+FJ14-FI14 -> -104389 | FL14: =IFERROR(FK14/FI14,1) -> -0.044086916
A15: =+CX16 -> Ambassador Bridge | B15: AMB | C15: Trucks | D15: =+DA15 -> 168258 | E15: =OFFSET(DA15,0,14,1,1) -> 137952 | F15: =SUM(E15-D15) -> -30306 | G15: =IF(F15=0,0,IF(D15=0,1,F15/D15)) -> -0.18011625 | H15: =SUMIF($D$6:G$6,H$5,$D15:G15) -> 168258 | I15: =SUMIF($D$6:H$6,I$5,$D15:H15) -> 137952 | J15: =SUM(I15-H15) -> -30306 | K15: =IF(J15=0,0,IF(H15=0,1,J15/H15)) -> -0.18011625 | L15: =+DB15 -> 153819 | M15: =OFFSET(DB15,0,14,1,1) -> 149040 | N15: =SUM(M15-L15) -> -4779 | O15: =IF(N15=0,0,IF(L15=0,1,N15/L15)) -> -0.031068984 | P15: =SUMIF($D$6:O$6,P$5,$D15:O15) -> 322077 | Q15: =SUMIF($D$6:P$6,Q$5,$D15:P15) -> 286992 | R15: =SUM(Q15-P15) -> -35085 | S15: =IF(R15=0,0,IF(P15=0,1,R15/P15)) -> -0.10893358 | T15: =+DC15 -> 174669 | U15: =OFFSET(DC15,0,14,1,1) -> 172552 | V15: =SUM(U15-T15) -> -2117 | W15: =IF(V15=0,0,IF(T15=0,1,V15/T15)) -> -0.012120067 | X15: =SUMIF($D$6:W$6,X$5,$D15:W15) -> 496746 | Y15: =SUMIF($D$6:X$6,Y$5,$D15:X15) -> 459544 | Z15: =SUM(Y15-X15) -> -37202 | AA15: =IF(Z15=0,0,IF(X15=0,1,Z15/X15)) -> -0.074891393 | AB15: =+DD15 -> 151164 | AC15: =OFFSET(DD15,0,14,1,1) -> 170732 | AD15: =SUM(AC15-AB15) -> 19568 | AE15: =IF(AD15=0,0,IF(AB15=0,1,AD15/AB15)) -> 0.12944881 | AF15: =SUMIF($D$6:AE$6,AF$5,$D15:AE15) -> 647910 | AG15: =SUMIF($D$6:AF$6,AG$5,$D15:AF15) -> 630276 | AH15: =SUM(AG15-AF15) -> -17634 | AI15: =IF(AH15=0,0,IF(AF15=0,1,AH15/AF15)) -> -0.027216743 | AJ15: =+DE15 -> 151949 | AK15: =OFFSET(DE15,0,14,1,1) -> 187938 | AL15: =SUM(AK15-AJ15) -> 35989 | AM15: =IF(AL15=0,0,IF(AJ15=0,1,AL15/AJ15)) -> 0.23684921 | AN15: =SUMIF($D$6:AM$6,AN$5,$D15:AM15) -> 799859 | AO15: =SUMIF($D$6:AN$6,AO$5,$D15:AN15) -> 818214 | AP15: =SUM(AO15-AN15) -> 18355 | AQ15: =IF(AP15=0,0,IF(AN15=0,1,AP15/AN15)) -> 0.022947795 | AR15: =+DF15 -> 147800 | AS15: =OFFSET(DF15,0,14,1,1) -> 200500 | AT15: =SUM(AS15-AR15) -> 52700 | AU15: =IF(AT15=0,0,IF(AR15=0,1,AT15/AR15)) -> 0.35656292 | AV15: =SUMIF($D$6:AU$6,AV$5,$D15:AU15) -> 947659 | AW15: =SUMIF($D$6:AV$6,AW$5,$D15:AV15) -> 1018714 | AX15: =SUM(AW15-AV15) -> 71055 | AY15: =IF(AX15=0,0,IF(AV15=0,1,AX15/AV15)) -> 0.074979502 | AZ15: =+DG15 -> 152468 | BA15: =OFFSET(DG15,0,14,1,1) -> 183543 | BB15: =SUM(BA15-AZ15) -> 31075 | BC15: =IF(BB15=0,0,IF(AZ15=0,1,BB15/AZ15)) -> 0.20381326 | BD15: =SUMIF($D$6:BC$6,BD$5,$D15:BC15) -> 1100127 | BE15: =SUMIF($D$6:BD$6,BE$5,$D15:BD15) -> 1202257 | BF15: =SUM(BE15-BD15) -> 102130 | BG15: =IF(BF15=0,0,IF(BD15=0,1,BF15/BD15)) -> 0.092834736 | BH15: =+DH15 -> 148086 | BI15: =OFFSET(DH15,0,14,1,1) -> 149649 | BJ15: =SUM(BI15-BH15) -> 1563 | BK15: =IF(BJ15=0,0,IF(BH15=0,1,BJ15/BH15)) -> 0.010554678 | BL15: =SUMIF($D$6:BK$6,BL$5,$D15:BK15) -> 1248213 | BM15: =SUMIF($D$6:BL$6,BM$5,$D15:BL15) -> 1351906 | BN15: =SUM(BM15-BL15) -> 103693 | BO15: =IF(BN15=0,0,IF(BL15=0,1,BN15/BL15)) -> 0.083073161 | BP15: =+DI15 -> 158929 | BQ15: =OFFSET(DI15,0,14,1,1) -> 0 | BR15: =SUM(BQ15-BP15) -> -158929 | BS15: =IF(BR15=0,0,IF(BP15=0,1,BR15/BP15)) -> -1 | BT15: =SUMIF($D$6:BS$6,BT$5,$D15:BS15) -> 1407142 | BU15: =SUMIF($D$6:BT$6,BU$5,$D15:BT15) -> 1351906 | BV15: =SUM(BU15-BT15) -> -55236 | BW15: =IF(BV15=0,0,IF(BT15=0,1,BV15/BT15)) -> -0.039254034 | BX15: =+DJ15 -> 167101 | BY15: =OFFSET(DJ15,0,14,1,1) -> 0 | BZ15: =SUM(BY15-BX15) -> -167101 | CA15: =IF(BZ15=0,0,IF(BX15=0,1,BZ15/BX15)) -> -1 | CB15: =SUMIF($D$6:CA$6,CB$5,$D15:CA15) -> 1574243 | CC15: =SUMIF($D$6:CB$6,CC$5,$D15:CB15) -> 1351906 | CD15: =SUM(CC15-CB15) -> -222337 | CE15: =IF(CD15=0,0,IF(CB15=0,1,CD15/CB15)) -> -0.14123423 | CF15: =+DK15 -> 144111 | CG15: =OFFSET(DK15,0,14,1,1) -> 0 | CH15: =SUM(CG15-CF15) -> -144111 | CI15: =IF(CH15=0,0,IF(CF15=0,1,CH15/CF15)) -> -1 | CJ15: =SUMIF($D$6:CI$6,CJ$5,$D15:CI15) -> 1718354 | CK15: =SUMIF($D$6:CJ$6,CK$5,$D15:CJ15) -> 1351906 | CL15: =SUM(CK15-CJ15) -> -366448 | CM15: =IF(CL15=0,0,IF(CJ15=0,1,CL15/CJ15)) -> -0.21325524 | CN15: =+DL15 -> 140470 | CO15: =OFFSET(DL15,0,14,1,1) -> 0 | CP15: =SUM(CO15-CN15) -> -140470 | CQ15: =IF(CP15=0,0,IF(CN15=0,1,CP15/CN15)) -> -1 | CR15: =SUMIF($D$6:CQ$6,CR$5,$D15:CQ15) -> 1858824 | CS15: =SUMIF($D$6:CR$6,CS$5,$D15:CR15) -> 1351906 | CT15: =SUM(CS15-CR15) -> -506918 | CU15: =IF(CT15=0,0,IF(CR15=0,1,CT15/CR15)) -> -0.27270898 | CX15: Ambassador Bridge | CY15: Trucks | DA15: =SUMIF(AMB!$A$141:$A$161,Traffic!DA$7,AMB!E$141:E$161) -> 168258 | DB15: =SUMIF(AMB!$A$141:$A$161,Traffic!DB$7,AMB!F$141:F$161) -> 153819 | DC15: =SUMIF(AMB!$A$141:$A$161,Traffic!DC$7,AMB!G$141:G$161) -> 174669 | DD15: =SUMIF(AMB!$A$141:$A$161,Traffic!DD$7,AMB!H$141:H$161) -> 151164 | DE15: =SUMIF(AMB!$A$141:$A$161,Traffic!DE$7,AMB!I$141:I$161) -> 151949 | DF15: =SUMIF(AMB!$A$141:$A$161,Traffic!DF$7,AMB!J$141:J$161) -> 147800 | DG15: =SUMIF(AMB!$A$141:$A$161,Traffic!DG$7,AMB!K$141:K$161) -> 152468 | DH15: =SUMIF(AMB!$A$141:$A$161,Traffic!DH$7,AMB!L$141:L$161) -> 148086 | ... DL15: =SUMIF(AMB!$A$141:$A$161,Traffic!DL$7,AMB!P$141:P$161) -> 140470 | DO15: =SUMIF(AMB!$A$141:$A$161,Traffic!DO$7,AMB!E$141:E$161) -> 137952 | DP15: =SUMIF(AMB!$A$141:$A$161,Traffic!DP$7,AMB!F$141:F$161) -> 149040 | DQ15: =SUMIF(AMB!$A$141:$A$161,Traffic!DQ$7,AMB!G$141:G$161) -> 172552 | DR15: =SUMIF(AMB!$A$141:$A$161,Traffic!DR$7,AMB!H$141:H$161) -> 170732 | DS15: =SUMIF(AMB!$A$141:$A$161,Traffic!DS$7,AMB!I$141:I$161) -> 187938 | DT15: =SUMIF(AMB!$A$141:$A$161,Traffic!DT$7,AMB!J$141:J$161) -> 200500 | DU15: =SUMIF(AMB!$A$141:$A$161,Traffic!DU$7,AMB!K$141:K$161) -> 183543 | DV15: =SUMIF(AMB!$A$141:$A$161,Traffic!DV$7,AMB!L$141:L$161) -> 149649 | ... DZ15: =SUMIF(AMB!$A$141:$A$161,Traffic!DZ$7,AMB!P$141:P$161) -> 0 | EB15: =SUM(DA15) -> 168258 | EC15: =SUM($DA15:DB15) -> 322077 | ED15: =SUM($DA15:DC15) -> 496746 | EE15: =SUM($DA15:DD15) -> 647910 | EF15: =SUM($DA15:DE15) -> 799859 | EG15: =SUM($DA15:DF15) -> 947659 | EH15: =SUM($DA15:DG15) -> 1100127 | EI15: =SUM($DA15:DH15) -> 1248213 | EJ15: =SUM($DA15:DI15) -> 1407142 | ... EM15: =SUM($DA15:DL15) -> 1858824 | EQ15: =SUM($DO15:DO15) -> 137952 | ER15: =SUM($DO15:DP15) -> 286992 | ES15: =SUM($DO15:DQ15) -> 459544 | ET15: =SUM($DO15:DR15) -> 630276 | EU15: =SUM($DO15:DS15) -> 818214 | EV15: =SUM($DO15:DT15) -> 1018714 | EW15: =SUM($DO15:DU15) -> 1202257 | EX15: =SUM($DO15:DV15) -> 1351906 | ... FB15: =SUM($DO15:DZ15) -> 1351906 | FD15: =SUMIFS($DA15:$DZ15,$DA$8:$DZ$8,FD$7,$DA$7:$DZ$7,FD$8) -> 148086 | FE15: =SUMIFS($DA15:$DZ15,$DA$8:$DZ$8,FE$7,$DA$7:$DZ$7,FE$8) -> 149649 | FF15: =+FE15-FD15 -> 1563 | FG15: =IFERROR(FF15/FD15,1) -> 0.010554678 | FI15: =SUMIFS($EB15:$FB15,$EB$8:$FB$8,FI$7,$EB$7:$FB$7,FI$8) -> 1248213 | FJ15: =SUMIFS($EB15:$FB15,$EB$8:$FB$8,FJ$7,$EB$7:$FB$7,FJ$8) -> 1351906 | FK15: =+FJ15-FI15 -> 103693 | FL15: =IFERROR(FK15/FI15,1) -> 0.083073161
B16: AMB | C16: Buses & Misc. | D16: =+DA16 -> 0 | E16: =OFFSET(DA16,0,14,1,1) -> 0 | F16: =SUM(E16-D16) -> 0 | G16: =IF(F16=0,0,IF(D16=0,1,F16/D16)) -> 0 | H16: =SUMIF($D$6:G$6,H$5,$D16:G16) -> 0 | I16: =SUMIF($D$6:H$6,I$5,$D16:H16) -> 0 | J16: =SUM(I16-H16) -> 0 | K16: =IF(J16=0,0,IF(H16=0,1,J16/H16)) -> 0 | L16: =+DB16 -> 0 | M16: =OFFSET(DB16,0,14,1,1) -> 0 | N16: =SUM(M16-L16) -> 0 | O16: =IF(N16=0,0,IF(L16=0,1,N16/L16)) -> 0 | P16: =SUMIF($D$6:O$6,P$5,$D16:O16) -> 0 | Q16: =SUMIF($D$6:P$6,Q$5,$D16:P16) -> 0 | R16: =SUM(Q16-P16) -> 0 | S16: =IF(R16=0,0,IF(P16=0,1,R16/P16)) -> 0 | T16: =+DC16 -> 0 | U16: =OFFSET(DC16,0,14,1,1) -> 0 | V16: =SUM(U16-T16) -> 0 | W16: =IF(V16=0,0,IF(T16=0,1,V16/T16)) -> 0 | X16: =SUMIF($D$6:W$6,X$5,$D16:W16) -> 0 | Y16: =SUMIF($D$6:X$6,Y$5,$D16:X16) -> 0 | Z16: =SUM(Y16-X16) -> 0 | AA16: =IF(Z16=0,0,IF(X16=0,1,Z16/X16)) -> 0 | AB16: =+DD16 -> 0 | AC16: =OFFSET(DD16,0,14,1,1) -> 0 | AD16: =SUM(AC16-AB16) -> 0 | AE16: =IF(AD16=0,0,IF(AB16=0,1,AD16/AB16)) -> 0 | AF16: =SUMIF($D$6:AE$6,AF$5,$D16:AE16) -> 0 | AG16: =SUMIF($D$6:AF$6,AG$5,$D16:AF16) -> 0 | AH16: =SUM(AG16-AF16) -> 0 | AI16: =IF(AH16=0,0,IF(AF16=0,1,AH16/AF16)) -> 0 | AJ16: =+DE16 -> 0 | AK16: =OFFSET(DE16,0,14,1,1) -> 0 | AL16: =SUM(AK16-AJ16) -> 0 | AM16: =IF(AL16=0,0,IF(AJ16=0,1,AL16/AJ16)) -> 0 | AN16: =SUMIF($D$6:AM$6,AN$5,$D16:AM16) -> 0 | AO16: =SUMIF($D$6:AN$6,AO$5,$D16:AN16) -> 0 | AP16: =SUM(AO16-AN16) -> 0 | AQ16: =IF(AP16=0,0,IF(AN16=0,1,AP16/AN16)) -> 0 | AR16: =+DF16 -> 0 | AS16: =OFFSET(DF16,0,14,1,1) -> 0 | AT16: =SUM(AS16-AR16) -> 0 | AU16: =IF(AT16=0,0,IF(AR16=0,1,AT16/AR16)) -> 0 | AV16: =SUMIF($D$6:AU$6,AV$5,$D16:AU16) -> 0 | AW16: =SUMIF($D$6:AV$6,AW$5,$D16:AV16) -> 0 | AX16: =SUM(AW16-AV16) -> 0 | AY16: =IF(AX16=0,0,IF(AV16=0,1,AX16/AV16)) -> 0 | AZ16: =+DG16 -> 0 | BA16: =OFFSET(DG16,0,14,1,1) -> 0 | BB16: =SUM(BA16-AZ16) -> 0 | BC16: =IF(BB16=0,0,IF(AZ16=0,1,BB16/AZ16)) -> 0 | BD16: =SUMIF($D$6:BC$6,BD$5,$D16:BC16) -> 0 | BE16: =SUMIF($D$6:BD$6,BE$5,$D16:BD16) -> 0 | BF16: =SUM(BE16-BD16) -> 0 | BG16: =IF(BF16=0,0,IF(BD16=0,1,BF16/BD16)) -> 0 | BH16: =+DH16 -> 0 | BI16: =OFFSET(DH16,0,14,1,1) -> 0 | BJ16: =SUM(BI16-BH16) -> 0 | BK16: =IF(BJ16=0,0,IF(BH16=0,1,BJ16/BH16)) -> 0 | BL16: =SUMIF($D$6:BK$6,BL$5,$D16:BK16) -> 0 | BM16: =SUMIF($D$6:BL$6,BM$5,$D16:BL16) -> 0 | BN16: =SUM(BM16-BL16) -> 0 | BO16: =IF(BN16=0,0,IF(BL16=0,1,BN16/BL16)) -> 0 | BP16: =+DI16 -> 0 | BQ16: =OFFSET(DI16,0,14,1,1) -> 0 | BR16: =SUM(BQ16-BP16) -> 0 | BS16: =IF(BR16=0,0,IF(BP16=0,1,BR16/BP16)) -> 0 | BT16: =SUMIF($D$6:BS$6,BT$5,$D16:BS16) -> 0 | BU16: =SUMIF($D$6:BT$6,BU$5,$D16:BT16) -> 0 | BV16: =SUM(BU16-BT16) -> 0 | BW16: =IF(BV16=0,0,IF(BT16=0,1,BV16/BT16)) -> 0 | BX16: =+DJ16 -> 0 | BY16: =OFFSET(DJ16,0,14,1,1) -> 0 | BZ16: =SUM(BY16-BX16) -> 0 | CA16: =IF(BZ16=0,0,IF(BX16=0,1,BZ16/BX16)) -> 0 | CB16: =SUMIF($D$6:CA$6,CB$5,$D16:CA16) -> 0 | CC16: =SUMIF($D$6:CB$6,CC$5,$D16:CB16) -> 0 | CD16: =SUM(CC16-CB16) -> 0 | CE16: =IF(CD16=0,0,IF(CB16=0,1,CD16/CB16)) -> 0 | CF16: =+DK16 -> 0 | CG16: =OFFSET(DK16,0,14,1,1) -> 0 | CH16: =SUM(CG16-CF16) -> 0 | CI16: =IF(CH16=0,0,IF(CF16=0,1,CH16/CF16)) -> 0 | CJ16: =SUMIF($D$6:CI$6,CJ$5,$D16:CI16) -> 0 | CK16: =SUMIF($D$6:CJ$6,CK$5,$D16:CJ16) -> 0 | CL16: =SUM(CK16-CJ16) -> 0 | CM16: =IF(CL16=0,0,IF(CJ16=0,1,CL16/CJ16)) -> 0 | CN16: =+DL16 -> 0 | CO16: =OFFSET(DL16,0,14,1,1) -> 0 | CP16: =SUM(CO16-CN16) -> 0 | CQ16: =IF(CP16=0,0,IF(CN16=0,1,CP16/CN16)) -> 0 | CR16: =SUMIF($D$6:CQ$6,CR$5,$D16:CQ16) -> 0 | CS16: =SUMIF($D$6:CR$6,CS$5,$D16:CR16) -> 0 | CT16: =SUM(CS16-CR16) -> 0 | CU16: =IF(CT16=0,0,IF(CR16=0,1,CT16/CR16)) -> 0 | CX16: Ambassador Bridge | CY16: Buses & Misc. | DA16: =SUMIF(AMB!$A$164:$A$184,Traffic!DA$7,AMB!E$164:E$184) -> 0 | DB16: =SUMIF(AMB!$A$164:$A$184,Traffic!DB$7,AMB!F$164:F$184) -> 0 | DC16: =SUMIF(AMB!$A$164:$A$184,Traffic!DC$7,AMB!G$164:G$184) -> 0 | DD16: =SUMIF(AMB!$A$164:$A$184,Traffic!DD$7,AMB!H$164:H$184) -> 0 | DE16: =SUMIF(AMB!$A$164:$A$184,Traffic!DE$7,AMB!I$164:I$184) -> 0 | DF16: =SUMIF(AMB!$A$164:$A$184,Traffic!DF$7,AMB!J$164:J$184) -> 0 | DG16: =SUMIF(AMB!$A$164:$A$184,Traffic!DG$7,AMB!K$164:K$184) -> 0 | DH16: =SUMIF(AMB!$A$164:$A$184,Traffic!DH$7,AMB!L$164:L$184) -> 0 | ... DL16: =SUMIF(AMB!$A$164:$A$184,Traffic!DL$7,AMB!P$164:P$184) -> 0 | DO16: =SUMIF(AMB!$A$164:$A$184,Traffic!DO$7,AMB!E$164:E$184) -> 0 | DP16: =SUMIF(AMB!$A$164:$A$184,Traffic!DP$7,AMB!F$164:F$184) -> 0 | DQ16: =SUMIF(AMB!$A$164:$A$184,Traffic!DQ$7,AMB!G$164:G$184) -> 0 | DR16: =SUMIF(AMB!$A$164:$A$184,Traffic!DR$7,AMB!H$164:H$184) -> 0 | DS16: =SUMIF(AMB!$A$164:$A$184,Traffic!DS$7,AMB!I$164:I$184) -> 0 | DT16: =SUMIF(AMB!$A$164:$A$184,Traffic!DT$7,AMB!J$164:J$184) -> 0 | DU16: =SUMIF(AMB!$A$164:$A$184,Traffic!DU$7,AMB!K$164:K$184) -> 0 | DV16: =SUMIF(AMB!$A$164:$A$184,Traffic!DV$7,AMB!L$164:L$184) -> 0 | ... DZ16: =SUMIF(AMB!$A$164:$A$184,Traffic!DZ$7,AMB!P$164:P$184) -> 0 | EB16: =SUM(DA16) -> 0 | EC16: =SUM($DA16:DB16) -> 0 | ED16: =SUM($DA16:DC16) -> 0 | EE16: =SUM($DA16:DD16) -> 0 | EF16: =SUM($DA16:DE16) -> 0 | EG16: =SUM($DA16:DF16) -> 0 | EH16: =SUM($DA16:DG16) -> 0 | EI16: =SUM($DA16:DH16) -> 0 | EJ16: =SUM($DA16:DI16) -> 0 | ... EM16: =SUM($DA16:DL16) -> 0 | EQ16: =SUM($DO16:DO16) -> 0 | ER16: =SUM($DO16:DP16) -> 0 | ES16: =SUM($DO16:DQ16) -> 0 | ET16: =SUM($DO16:DR16) -> 0 | EU16: =SUM($DO16:DS16) -> 0 | EV16: =SUM($DO16:DT16) -> 0 | EW16: =SUM($DO16:DU16) -> 0 | EX16: =SUM($DO16:DV16) -> 0 | ... FB16: =SUM($DO16:DZ16) -> 0 | FD16: =SUMIFS($DA16:$DZ16,$DA$8:$DZ$8,FD$7,$DA$7:$DZ$7,FD$8) -> 0 | FE16: =SUMIFS($DA16:$DZ16,$DA$8:$DZ$8,FE$7,$DA$7:$DZ$7,FE$8) -> 0 | FF16: =+FE16-FD16 -> 0 | FG16: =IFERROR(FF16/FD16,1) -> 1 | FI16: =SUMIFS($EB16:$FB16,$EB$8:$FB$8,FI$7,$EB$7:$FB$7,FI$8) -> 0 | FJ16: =SUMIFS($EB16:$FB16,$EB$8:$FB$8,FJ$7,$EB$7:$FB$7,FJ$8) -> 0 | FK16: =+FJ16-FI16 -> 0 | FL16: =IFERROR(FK16/FI16,1) -> 1
B17: AMB | C17: TOTAL | D17: =+SUM(D14:D16) -> 448356 | E17: =+SUM(E14:E16) -> 382920 | F17: =SUM(F14:F16) -> -65436 | G17: =IF(F17=0,0,IF(D17=0,1,F17/D17)) -> -0.14594652 | H17: =SUM(H14:H16) -> 448356 | I17: =SUM(I14:I16) -> 382920 | J17: =SUM(J14:J16) -> -65436 | K17: =IF(J17=0,0,IF(H17=0,1,J17/H17)) -> -0.14594652 | L17: =+SUM(L14:L16) -> 398764 | M17: =+SUM(M14:M16) -> 384949 | N17: =SUM(N14:N16) -> -13815 | O17: =IF(N17=0,0,IF(L17=0,1,N17/L17)) -> -0.034644552 | P17: =SUM(P14:P16) -> 847120 | Q17: =SUM(Q14:Q16) -> 767869 | R17: =SUM(R14:R16) -> -79251 | S17: =IF(R17=0,0,IF(P17=0,1,R17/P17)) -> -0.093553452 | T17: =+SUM(T14:T16) -> 463971 | U17: =+SUM(U14:U16) -> 459019 | V17: =SUM(V14:V16) -> -4952 | W17: =IF(V17=0,0,IF(T17=0,1,V17/T17)) -> -0.010673081 | X17: =SUM(X14:X16) -> 1311091 | Y17: =SUM(Y14:Y16) -> 1226888 | Z17: =SUM(Z14:Z16) -> -84203 | AA17: =IF(Z17=0,0,IF(X17=0,1,Z17/X17)) -> -0.064223612 | AB17: =+SUM(AB14:AB16) -> 420857 | AC17: =+SUM(AC14:AC16) -> 457984 | AD17: =SUM(AD14:AD16) -> 37127 | AE17: =IF(AD17=0,0,IF(AB17=0,1,AD17/AB17)) -> 0.088217613 | AF17: =SUM(AF14:AF16) -> 1731948 | AG17: =SUM(AG14:AG16) -> 1684872 | AH17: =SUM(AH14:AH16) -> -47076 | AI17: =IF(AH17=0,0,IF(AF17=0,1,AH17/AF17)) -> -0.027180955 | AJ17: =+SUM(AJ14:AJ16) -> 457190 | AK17: =+SUM(AK14:AK16) -> 532723 | AL17: =SUM(AL14:AL16) -> 75533 | AM17: =IF(AL17=0,0,IF(AJ17=0,1,AL17/AJ17)) -> 0.1652114 | AN17: =SUM(AN14:AN16) -> 2189138 | AO17: =SUM(AO14:AO16) -> 2217595 | AP17: =SUM(AP14:AP16) -> 28457 | AQ17: =IF(AP17=0,0,IF(AN17=0,1,AP17/AN17)) -> 0.01299918 | AR17: =+SUM(AR14:AR16) -> 451668 | AS17: =+SUM(AS14:AS16) -> 535773 | AT17: =SUM(AT14:AT16) -> 84105 | AU17: =IF(AT17=0,0,IF(AR17=0,1,AT17/AR17)) -> 0.18620978 | AV17: =SUM(AV14:AV16) -> 2640806 | AW17: =SUM(AW14:AW16) -> 2753368 | AX17: =SUM(AX14:AX16) -> 112562 | AY17: =IF(AX17=0,0,IF(AV17=0,1,AX17/AV17)) -> 0.042624108 | AZ17: =+SUM(AZ14:AZ16) -> 482263 | BA17: =+SUM(BA14:BA16) -> 516504 | BB17: =SUM(BB14:BB16) -> 34241 | BC17: =IF(BB17=0,0,IF(AZ17=0,1,BB17/AZ17)) -> 0.071000678 | BD17: =SUM(BD14:BD16) -> 3123069 | BE17: =SUM(BE14:BE16) -> 3269872 | BF17: =SUM(BF14:BF16) -> 146803 | BG17: =IF(BF17=0,0,IF(BD17=0,1,BF17/BD17)) -> 0.047006006 | BH17: =+SUM(BH14:BH16) -> 492944 | BI17: =+SUM(BI14:BI16) -> 345445 | BJ17: =SUM(BJ14:BJ16) -> -147499 | BK17: =IF(BJ17=0,0,IF(BH17=0,1,BJ17/BH17)) -> -0.2992206 | BL17: =SUM(BL14:BL16) -> 3616013 | BM17: =SUM(BM14:BM16) -> 3615317 | BN17: =SUM(BN14:BN16) -> -696 | BO17: =IF(BN17=0,0,IF(BL17=0,1,BN17/BL17)) -> -0.00019247718 | BP17: =+SUM(BP14:BP16) -> 458211 | BQ17: =+SUM(BQ14:BQ16) -> 0 | BR17: =SUM(BR14:BR16) -> -458211 | BS17: =IF(BR17=0,0,IF(BP17=0,1,BR17/BP17)) -> -1 | BT17: =SUM(BT14:BT16) -> 4074224 | BU17: =SUM(BU14:BU16) -> 3615317 | BV17: =SUM(BV14:BV16) -> -458907 | BW17: =IF(BV17=0,0,IF(BT17=0,1,BV17/BT17)) -> -0.11263666 | BX17: =+SUM(BX14:BX16) -> 486895 | BY17: =+SUM(BY14:BY16) -> 0 | BZ17: =SUM(BZ14:BZ16) -> -486895 | CA17: =IF(BZ17=0,0,IF(BX17=0,1,BZ17/BX17)) -> -1 | CB17: =SUM(CB14:CB16) -> 4561119 | CC17: =SUM(CC14:CC16) -> 3615317 | CD17: =SUM(CD14:CD16) -> -945802 | CE17: =IF(CD17=0,0,IF(CB17=0,1,CD17/CB17)) -> -0.20736183 | CF17: =+SUM(CF14:CF16) -> 428591 | CG17: =+SUM(CG14:CG16) -> 0 | CH17: =SUM(CH14:CH16) -> -428591 | CI17: =IF(CH17=0,0,IF(CF17=0,1,CH17/CF17)) -> -1 | CJ17: =SUM(CJ14:CJ16) -> 4989710 | CK17: =SUM(CK14:CK16) -> 3615317 | CL17: =SUM(CL14:CL16) -> -1374393 | CM17: =IF(CL17=0,0,IF(CJ17=0,1,CL17/CJ17)) -> -0.27544547 | CN17: =+SUM(CN14:CN16) -> 416422 | CO17: =+SUM(CO14:CO16) -> 0 | CP17: =SUM(CP14:CP16) -> -416422 | CQ17: =IF(CP17=0,0,IF(CN17=0,1,CP17/CN17)) -> -1 | CR17: =SUM(CR14:CR16) -> 5406132 | CS17: =SUM(CS14:CS16) -> 3615317 | CT17: =SUM(CT14:CT16) -> -1790815 | CU17: =IF(CT17=0,0,IF(CR17=0,1,CT17/CR17)) -> -0.33125625 | CY17: Total | DA17: =SUM(DA14:DA16) -> 448356 | DB17: =SUM(DB14:DB16) -> 398764 | DC17: =SUM(DC14:DC16) -> 463971 | DD17: =SUM(DD14:DD16) -> 420857 | DE17: =SUM(DE14:DE16) -> 457190 | DF17: =SUM(DF14:DF16) -> 451668 | DG17: =SUM(DG14:DG16) -> 482263 | DH17: =SUM(DH14:DH16) -> 492944 | ... DL17: =SUM(DL14:DL16) -> 416422 | DO17: =SUM(DO14:DO16) -> 382920 | DP17: =SUM(DP14:DP16) -> 384949 | DQ17: =SUM(DQ14:DQ16) -> 459019 | DR17: =SUM(DR14:DR16) -> 457984 | DS17: =SUM(DS14:DS16) -> 532723 | DT17: =SUM(DT14:DT16) -> 535773 | DU17: =SUM(DU14:DU16) -> 516504 | DV17: =SUM(DV14:DV16) -> 345445 | ... DZ17: =SUM(DZ14:DZ16) -> 0 | EB17: =SUM(DA17) -> 448356 | EC17: =SUM($DA17:DB17) -> 847120 | ED17: =SUM($DA17:DC17) -> 1311091 | EE17: =SUM($DA17:DD17) -> 1731948 | EF17: =SUM($DA17:DE17) -> 2189138 | EG17: =SUM($DA17:DF17) -> 2640806 | EH17: =SUM($DA17:DG17) -> 3123069 | EI17: =SUM($DA17:DH17) -> 3616013 | EJ17: =SUM($DA17:DI17) -> 4074224 | ... EM17: =SUM($DA17:DL17) -> 5406132 | EQ17: =SUM($DO17:DO17) -> 382920 | ER17: =SUM($DO17:DP17) -> 767869 | ES17: =SUM($DO17:DQ17) -> 1226888 | ET17: =SUM($DO17:DR17) -> 1684872 | EU17: =SUM($DO17:DS17) -> 2217595 | EV17: =SUM($DO17:DT17) -> 2753368 | EW17: =SUM($DO17:DU17) -> 3269872 | EX17: =SUM($DO17:DV17) -> 3615317 | ... FB17: =SUM($DO17:DZ17) -> 3615317 | FD17: =SUMIFS($DA17:$DZ17,$DA$8:$DZ$8,FD$7,$DA$7:$DZ$7,FD$8) -> 492944 | FE17: =SUMIFS($DA17:$DZ17,$DA$8:$DZ$8,FE$7,$DA$7:$DZ$7,FE$8) -> 345445 | FF17: =+FE17-FD17 -> -147499 | FG17: =IFERROR(FF17/FD17,1) -> -0.2992206 | FI17: =SUMIFS($EB17:$FB17,$EB$8:$FB$8,FI$7,$EB$7:$FB$7,FI$8) -> 3616013 | FJ17: =SUMIFS($EB17:$FB17,$EB$8:$FB$8,FJ$7,$EB$7:$FB$7,FJ$8) -> 3615317 | FK17: =+FJ17-FI17 -> -696 | FL17: =IFERROR(FK17/FI17,1) -> -0.00019247718
B19: BWB | C19: Passenger Cars | D19: =+DA19 -> 126072 | E19: =OFFSET(DA19,0,14,1,1) -> 97703 | F19: =SUM(E19-D19) -> -28369 | G19: =IF(F19=0,0,IF(D19=0,1,F19/D19)) -> -0.22502221 | H19: =SUMIF($D$6:G$6,H$5,$D19:G19) -> 126072 | I19: =SUMIF($D$6:H$6,I$5,$D19:H19) -> 97703 | J19: =SUM(I19-H19) -> -28369 | K19: =IF(J19=0,0,IF(H19=0,1,J19/H19)) -> -0.22502221 | L19: =+DB19 -> 103879 | M19: =OFFSET(DB19,0,14,1,1) -> 92606 | N19: =SUM(M19-L19) -> -11273 | O19: =IF(N19=0,0,IF(L19=0,1,N19/L19)) -> -0.10852049 | P19: =SUMIF($D$6:O$6,P$5,$D19:O19) -> 229951 | Q19: =SUMIF($D$6:P$6,Q$5,$D19:P19) -> 190309 | R19: =SUM(Q19-P19) -> -39642 | S19: =IF(R19=0,0,IF(P19=0,1,R19/P19)) -> -0.17239325 | T19: =+DC19 -> 125132 | U19: =OFFSET(DC19,0,14,1,1) -> 119193 | V19: =SUM(U19-T19) -> -5939 | W19: =IF(V19=0,0,IF(T19=0,1,V19/T19)) -> -0.04746188 | X19: =SUMIF($D$6:W$6,X$5,$D19:W19) -> 355083 | Y19: =SUMIF($D$6:X$6,Y$5,$D19:X19) -> 309502 | Z19: =SUM(Y19-X19) -> -45581 | AA19: =IF(Z19=0,0,IF(X19=0,1,Z19/X19)) -> -0.12836717 | AB19: =+DD19 -> 113690 | AC19: =OFFSET(DD19,0,14,1,1) -> 124871 | AD19: =SUM(AC19-AB19) -> 11181 | AE19: =IF(AD19=0,0,IF(AB19=0,1,AD19/AB19)) -> 0.098346381 | AF19: =SUMIF($D$6:AE$6,AF$5,$D19:AE19) -> 468773 | AG19: =SUMIF($D$6:AF$6,AG$5,$D19:AF19) -> 434373 | AH19: =SUM(AG19-AF19) -> -34400 | AI19: =IF(AH19=0,0,IF(AF19=0,1,AH19/AF19)) -> -0.073383066 | AJ19: =+DE19 -> 136126 | AK19: =OFFSET(DE19,0,14,1,1) -> 157153 | AL19: =SUM(AK19-AJ19) -> 21027 | AM19: =IF(AL19=0,0,IF(AJ19=0,1,AL19/AJ19)) -> 0.15446718 | AN19: =SUMIF($D$6:AM$6,AN$5,$D19:AM19) -> 604899 | AO19: =SUMIF($D$6:AN$6,AO$5,$D19:AN19) -> 591526 | AP19: =SUM(AO19-AN19) -> -13373 | AQ19: =IF(AP19=0,0,IF(AN19=0,1,AP19/AN19)) -> -0.022107823 | AR19: =+DF19 -> 157480 | AS19: =OFFSET(DF19,0,14,1,1) -> 177917 | AT19: =SUM(AS19-AR19) -> 20437 | AU19: =IF(AT19=0,0,IF(AR19=0,1,AT19/AR19)) -> 0.12977521 | AV19: =SUMIF($D$6:AU$6,AV$5,$D19:AU19) -> 762379 | AW19: =SUMIF($D$6:AV$6,AW$5,$D19:AV19) -> 769443 | AX19: =SUM(AW19-AV19) -> 7064 | AY19: =IF(AX19=0,0,IF(AV19=0,1,AX19/AV19)) -> 0.0092657327 | AZ19: =+DG19 -> 182372 | BA19: =OFFSET(DG19,0,14,1,1) -> 208187 | BB19: =SUM(BA19-AZ19) -> 25815 | BC19: =IF(BB19=0,0,IF(AZ19=0,1,BB19/AZ19)) -> 0.14155133 | BD19: =SUMIF($D$6:BC$6,BD$5,$D19:BC19) -> 944751 | BE19: =SUMIF($D$6:BD$6,BE$5,$D19:BD19) -> 977630 | BF19: =SUM(BE19-BD19) -> 32879 | BG19: =IF(BF19=0,0,IF(BD19=0,1,BF19/BD19)) -> 0.034801763 | BH19: =+DH19 -> 191801 | BI19: =OFFSET(DH19,0,14,1,1) -> 202160 | BJ19: =SUM(BI19-BH19) -> 10359 | BK19: =IF(BJ19=0,0,IF(BH19=0,1,BJ19/BH19)) -> 0.054009103 | BL19: =SUMIF($D$6:BK$6,BL$5,$D19:BK19) -> 1136552 | BM19: =SUMIF($D$6:BL$6,BM$5,$D19:BL19) -> 1179790 | BN19: =SUM(BM19-BL19) -> 43238 | BO19: =IF(BN19=0,0,IF(BL19=0,1,BN19/BL19)) -> 0.038043134 | BP19: =+DI19 -> 144374 | BQ19: =OFFSET(DI19,0,14,1,1) -> 0 | BR19: =SUM(BQ19-BP19) -> -144374 | BS19: =IF(BR19=0,0,IF(BP19=0,1,BR19/BP19)) -> -1 | BT19: =SUMIF($D$6:BS$6,BT$5,$D19:BS19) -> 1280926 | BU19: =SUMIF($D$6:BT$6,BU$5,$D19:BT19) -> 1179790 | BV19: =SUM(BU19-BT19) -> -101136 | BW19: =IF(BV19=0,0,IF(BT19=0,1,BV19/BT19)) -> -0.078955381 | BX19: =+DJ19 -> 140170 | BY19: =OFFSET(DJ19,0,14,1,1) -> 0 | BZ19: =SUM(BY19-BX19) -> -140170 | CA19: =IF(BZ19=0,0,IF(BX19=0,1,BZ19/BX19)) -> -1 | CB19: =SUMIF($D$6:CA$6,CB$5,$D19:CA19) -> 1421096 | CC19: =SUMIF($D$6:CB$6,CC$5,$D19:CB19) -> 1179790 | CD19: =SUM(CC19-CB19) -> -241306 | CE19: =IF(CD19=0,0,IF(CB19=0,1,CD19/CB19)) -> -0.16980274 | CF19: =+DK19 -> 124470 | CG19: =OFFSET(DK19,0,14,1,1) -> 0 | CH19: =SUM(CG19-CF19) -> -124470 | CI19: =IF(CH19=0,0,IF(CF19=0,1,CH19/CF19)) -> -1 | CJ19: =SUMIF($D$6:CI$6,CJ$5,$D19:CI19) -> 1545566 | CK19: =SUMIF($D$6:CJ$6,CK$5,$D19:CJ19) -> 1179790 | CL19: =SUM(CK19-CJ19) -> -365776 | CM19: =IF(CL19=0,0,IF(CJ19=0,1,CL19/CJ19)) -> -0.23666152 | CN19: =+DL19 -> 120306 | CO19: =OFFSET(DL19,0,14,1,1) -> 0 | CP19: =SUM(CO19-CN19) -> -120306 | CQ19: =IF(CP19=0,0,IF(CN19=0,1,CP19/CN19)) -> -1 | CR19: =SUMIF($D$6:CQ$6,CR$5,$D19:CQ19) -> 1665872 | CS19: =SUMIF($D$6:CR$6,CS$5,$D19:CR19) -> 1179790 | CT19: =SUM(CS19-CR19) -> -486082 | CU19: =IF(CT19=0,0,IF(CR19=0,1,CT19/CR19)) -> -0.29178832 | CX19: Blue Water Bridge | CY19: Passenger Cars | DA19: =SUMIF(BWB!$A$118:$A$138,Traffic!DA$7,BWB!E$118:E$138) -> 126072 | DB19: =SUMIF(BWB!$A$118:$A$138,Traffic!DB$7,BWB!F$118:F$138) -> 103879 | DC19: =SUMIF(BWB!$A$118:$A$138,Traffic!DC$7,BWB!G$118:G$138) -> 125132 | DD19: =SUMIF(BWB!$A$118:$A$138,Traffic!DD$7,BWB!H$118:H$138) -> 113690 | DE19: =SUMIF(BWB!$A$118:$A$138,Traffic!DE$7,BWB!I$118:I$138) -> 136126 | DF19: =SUMIF(BWB!$A$118:$A$138,Traffic!DF$7,BWB!J$118:J$138) -> 157480 | DG19: =SUMIF(BWB!$A$118:$A$138,Traffic!DG$7,BWB!K$118:K$138) -> 182372 | DH19: =SUMIF(BWB!$A$118:$A$138,Traffic!DH$7,BWB!L$118:L$138) -> 191801 | ... DL19: =SUMIF(BWB!$A$118:$A$138,Traffic!DL$7,BWB!P$118:P$138) -> 120306 | DO19: =SUMIF(BWB!$A$118:$A$138,Traffic!DO$7,BWB!E$118:E$138) -> 97703 | DP19: =SUMIF(BWB!$A$118:$A$138,Traffic!DP$7,BWB!F$118:F$138) -> 92606 | DQ19: =SUMIF(BWB!$A$118:$A$138,Traffic!DQ$7,BWB!G$118:G$138) -> 119193 | DR19: =SUMIF(BWB!$A$118:$A$138,Traffic!DR$7,BWB!H$118:H$138) -> 124871 | DS19: =SUMIF(BWB!$A$118:$A$138,Traffic!DS$7,BWB!I$118:I$138) -> 157153 | DT19: =SUMIF(BWB!$A$118:$A$138,Traffic!DT$7,BWB!J$118:J$138) -> 177917 | DU19: =SUMIF(BWB!$A$118:$A$138,Traffic!DU$7,BWB!K$118:K$138) -> 208187 | DV19: =SUMIF(BWB!$A$118:$A$138,Traffic!DV$7,BWB!L$118:L$138) -> 202160 | ... DZ19: =SUMIF(BWB!$A$118:$A$138,Traffic!DZ$7,BWB!P$118:P$138) -> 0 | EB19: =SUM(DA19) -> 126072 | EC19: =SUM($DA19:DB19) -> 229951 | ED19: =SUM($DA19:DC19) -> 355083 | EE19: =SUM($DA19:DD19) -> 468773 | EF19: =SUM($DA19:DE19) -> 604899 | EG19: =SUM($DA19:DF19) -> 762379 | EH19: =SUM($DA19:DG19) -> 944751 | EI19: =SUM($DA19:DH19) -> 1136552 | EJ19: =SUM($DA19:DI19) -> 1280926 | ... EM19: =SUM($DA19:DL19) -> 1665872 | EQ19: =SUM($DO19:DO19) -> 97703 | ER19: =SUM($DO19:DP19) -> 190309 | ES19: =SUM($DO19:DQ19) -> 309502 | ET19: =SUM($DO19:DR19) -> 434373 | EU19: =SUM($DO19:DS19) -> 591526 | EV19: =SUM($DO19:DT19) -> 769443 | EW19: =SUM($DO19:DU19) -> 977630 | EX19: =SUM($DO19:DV19) -> 1179790 | ... FB19: =SUM($DO19:DZ19) -> 1179790 | FD19: =SUMIFS($DA19:$DZ19,$DA$8:$DZ$8,FD$7,$DA$7:$DZ$7,FD$8) -> 191801 | FE19: =SUMIFS($DA19:$DZ19,$DA$8:$DZ$8,FE$7,$DA$7:$DZ$7,FE$8) -> 202160 | FF19: =+FE19-FD19 -> 10359 | FG19: =IFERROR(FF19/FD19,1) -> 0.054009103 | FI19: =SUMIFS($EB19:$FB19,$EB$8:$FB$8,FI$7,$EB$7:$FB$7,FI$8) -> 1136552 | FJ19: =SUMIFS($EB19:$FB19,$EB$8:$FB$8,FJ$7,$EB$7:$FB$7,FJ$8) -> 1179790 | FK19: =+FJ19-FI19 -> 43238 | FL19: =IFERROR(FK19/FI19,1) -> 0.038043134
A20: =+CX21 -> Blue Water Bridge | B20: BWB | C20: Trucks | D20: =+DA20 -> 168928 | E20: =OFFSET(DA20,0,14,1,1) -> 146254 | F20: =SUM(E20-D20) -> -22674 | G20: =IF(F20=0,0,IF(D20=0,1,F20/D20)) -> -0.13422286 | H20: =SUMIF($D$6:G$6,H$5,$D20:G20) -> 168928 | I20: =SUMIF($D$6:H$6,I$5,$D20:H20) -> 146254 | J20: =SUM(I20-H20) -> -22674 | K20: =IF(J20=0,0,IF(H20=0,1,J20/H20)) -> -0.13422286 | L20: =+DB20 -> 168068 | M20: =OFFSET(DB20,0,14,1,1) -> 153357 | N20: =SUM(M20-L20) -> -14711 | O20: =IF(N20=0,0,IF(L20=0,1,N20/L20)) -> -0.087530047 | P20: =SUMIF($D$6:O$6,P$5,$D20:O20) -> 336996 | Q20: =SUMIF($D$6:P$6,Q$5,$D20:P20) -> 299611 | R20: =SUM(Q20-P20) -> -37385 | S20: =IF(R20=0,0,IF(P20=0,1,R20/P20)) -> -0.11093603 | T20: =+DC20 -> 194736 | U20: =OFFSET(DC20,0,14,1,1) -> 180724 | V20: =SUM(U20-T20) -> -14012 | W20: =IF(V20=0,0,IF(T20=0,1,V20/T20)) -> -0.071953825 | X20: =SUMIF($D$6:W$6,X$5,$D20:W20) -> 531732 | Y20: =SUMIF($D$6:X$6,Y$5,$D20:X20) -> 480335 | Z20: =SUM(Y20-X20) -> -51397 | AA20: =IF(Z20=0,0,IF(X20=0,1,Z20/X20)) -> -0.096659595 | AB20: =+DD20 -> 180365 | AC20: =OFFSET(DD20,0,14,1,1) -> 171806 | AD20: =SUM(AC20-AB20) -> -8559 | AE20: =IF(AD20=0,0,IF(AB20=0,1,AD20/AB20)) -> -0.047453774 | AF20: =SUMIF($D$6:AE$6,AF$5,$D20:AE20) -> 712097 | AG20: =SUMIF($D$6:AF$6,AG$5,$D20:AF20) -> 652141 | AH20: =SUM(AG20-AF20) -> -59956 | AI20: =IF(AH20=0,0,IF(AF20=0,1,AH20/AF20)) -> -0.084196395 | AJ20: =+DE20 -> 183627 | AK20: =OFFSET(DE20,0,14,1,1) -> 153789 | AL20: =SUM(AK20-AJ20) -> -29838 | AM20: =IF(AL20=0,0,IF(AJ20=0,1,AL20/AJ20)) -> -0.16249244 | AN20: =SUMIF($D$6:AM$6,AN$5,$D20:AM20) -> 895724 | AO20: =SUMIF($D$6:AN$6,AO$5,$D20:AN20) -> 805930 | AP20: =SUM(AO20-AN20) -> -89794 | AQ20: =IF(AP20=0,0,IF(AN20=0,1,AP20/AN20)) -> -0.1002474 | AR20: =+DF20 -> 180640 | AS20: =OFFSET(DF20,0,14,1,1) -> 149730 | AT20: =SUM(AS20-AR20) -> -30910 | AU20: =IF(AT20=0,0,IF(AR20=0,1,AT20/AR20)) -> -0.17111382 | AV20: =SUMIF($D$6:AU$6,AV$5,$D20:AU20) -> 1076364 | AW20: =SUMIF($D$6:AV$6,AW$5,$D20:AV20) -> 955660 | AX20: =SUM(AW20-AV20) -> -120704 | AY20: =IF(AX20=0,0,IF(AV20=0,1,AX20/AV20)) -> -0.1121405 | AZ20: =+DG20 -> 179517 | BA20: =OFFSET(DG20,0,14,1,1) -> 142684 | BB20: =SUM(BA20-AZ20) -> -36833 | BC20: =IF(BB20=0,0,IF(AZ20=0,1,BB20/AZ20)) -> -0.20517834 | BD20: =SUMIF($D$6:BC$6,BD$5,$D20:BC20) -> 1255881 | BE20: =SUMIF($D$6:BD$6,BE$5,$D20:BD20) -> 1098344 | BF20: =SUM(BE20-BD20) -> -157537 | BG20: =IF(BF20=0,0,IF(BD20=0,1,BF20/BD20)) -> -0.12543943 | BH20: =+DH20 -> 180698 | BI20: =OFFSET(DH20,0,14,1,1) -> 131581 | BJ20: =SUM(BI20-BH20) -> -49117 | BK20: =IF(BJ20=0,0,IF(BH20=0,1,BJ20/BH20)) -> -0.27181817 | BL20: =SUMIF($D$6:BK$6,BL$5,$D20:BK20) -> 1436579 | BM20: =SUMIF($D$6:BL$6,BM$5,$D20:BL20) -> 1229925 | BN20: =SUM(BM20-BL20) -> -206654 | BO20: =IF(BN20=0,0,IF(BL20=0,1,BN20/BL20)) -> -0.14385147 | BP20: =+DI20 -> 185678 | BQ20: =OFFSET(DI20,0,14,1,1) -> 0 | BR20: =SUM(BQ20-BP20) -> -185678 | BS20: =IF(BR20=0,0,IF(BP20=0,1,BR20/BP20)) -> -1 | BT20: =SUMIF($D$6:BS$6,BT$5,$D20:BS20) -> 1622257 | BU20: =SUMIF($D$6:BT$6,BU$5,$D20:BT20) -> 1229925 | BV20: =SUM(BU20-BT20) -> -392332 | BW20: =IF(BV20=0,0,IF(BT20=0,1,BV20/BT20)) -> -0.24184331 | BX20: =+DJ20 -> 187458 | BY20: =OFFSET(DJ20,0,14,1,1) -> 0 | BZ20: =SUM(BY20-BX20) -> -187458 | CA20: =IF(BZ20=0,0,IF(BX20=0,1,BZ20/BX20)) -> -1 | CB20: =SUMIF($D$6:CA$6,CB$5,$D20:CA20) -> 1809715 | CC20: =SUMIF($D$6:CB$6,CC$5,$D20:CB20) -> 1229925 | CD20: =SUM(CC20-CB20) -> -579790 | CE20: =IF(CD20=0,0,IF(CB20=0,1,CD20/CB20)) -> -0.32037641 | CF20: =+DK20 -> 168924 | CG20: =OFFSET(DK20,0,14,1,1) -> 0 | CH20: =SUM(CG20-CF20) -> -168924 | CI20: =IF(CH20=0,0,IF(CF20=0,1,CH20/CF20)) -> -1 | CJ20: =SUMIF($D$6:CI$6,CJ$5,$D20:CI20) -> 1978639 | CK20: =SUMIF($D$6:CJ$6,CK$5,$D20:CJ20) -> 1229925 | CL20: =SUM(CK20-CJ20) -> -748714 | CM20: =IF(CL20=0,0,IF(CJ20=0,1,CL20/CJ20)) -> -0.37839849 | CN20: =+DL20 -> 154200 | CO20: =OFFSET(DL20,0,14,1,1) -> 0 | CP20: =SUM(CO20-CN20) -> -154200 | CQ20: =IF(CP20=0,0,IF(CN20=0,1,CP20/CN20)) -> -1 | CR20: =SUMIF($D$6:CQ$6,CR$5,$D20:CQ20) -> 2132839 | CS20: =SUMIF($D$6:CR$6,CS$5,$D20:CR20) -> 1229925 | CT20: =SUM(CS20-CR20) -> -902914 | CU20: =IF(CT20=0,0,IF(CR20=0,1,CT20/CR20)) -> -0.42333903 | CX20: Blue Water Bridge | CY20: Trucks | DA20: =SUMIF(BWB!$A$141:$A$161,Traffic!DA$7,BWB!E$141:E$161) -> 168928 | DB20: =SUMIF(BWB!$A$141:$A$161,Traffic!DB$7,BWB!F$141:F$161) -> 168068 | DC20: =SUMIF(BWB!$A$141:$A$161,Traffic!DC$7,BWB!G$141:G$161) -> 194736 | DD20: =SUMIF(BWB!$A$141:$A$161,Traffic!DD$7,BWB!H$141:H$161) -> 180365 | DE20: =SUMIF(BWB!$A$141:$A$161,Traffic!DE$7,BWB!I$141:I$161) -> 183627 | DF20: =SUMIF(BWB!$A$141:$A$161,Traffic!DF$7,BWB!J$141:J$161) -> 180640 | DG20: =SUMIF(BWB!$A$141:$A$161,Traffic!DG$7,BWB!K$141:K$161) -> 179517 | DH20: =SUMIF(BWB!$A$141:$A$161,Traffic!DH$7,BWB!L$141:L$161) -> 180698 | ... DL20: =SUMIF(BWB!$A$141:$A$161,Traffic!DL$7,BWB!P$141:P$161) -> 154200 | DO20: =SUMIF(BWB!$A$141:$A$161,Traffic!DO$7,BWB!E$141:E$161) -> 146254 | DP20: =SUMIF(BWB!$A$141:$A$161,Traffic!DP$7,BWB!F$141:F$161) -> 153357 | DQ20: =SUMIF(BWB!$A$141:$A$161,Traffic!DQ$7,BWB!G$141:G$161) -> 180724 | DR20: =SUMIF(BWB!$A$141:$A$161,Traffic!DR$7,BWB!H$141:H$161) -> 171806 | DS20: =SUMIF(BWB!$A$141:$A$161,Traffic!DS$7,BWB!I$141:I$161) -> 153789 | DT20: =SUMIF(BWB!$A$141:$A$161,Traffic!DT$7,BWB!J$141:J$161) -> 149730 | DU20: =SUMIF(BWB!$A$141:$A$161,Traffic!DU$7,BWB!K$141:K$161) -> 142684 | DV20: =SUMIF(BWB!$A$141:$A$161,Traffic!DV$7,BWB!L$141:L$161) -> 131581 | ... DZ20: =SUMIF(BWB!$A$141:$A$161,Traffic!DZ$7,BWB!P$141:P$161) -> 0 | EB20: =SUM(DA20) -> 168928 | EC20: =SUM($DA20:DB20) -> 336996 | ED20: =SUM($DA20:DC20) -> 531732 | EE20: =SUM($DA20:DD20) -> 712097 | EF20: =SUM($DA20:DE20) -> 895724 | EG20: =SUM($DA20:DF20) -> 1076364 | EH20: =SUM($DA20:DG20) -> 1255881 | EI20: =SUM($DA20:DH20) -> 1436579 | EJ20: =SUM($DA20:DI20) -> 1622257 | ... EM20: =SUM($DA20:DL20) -> 2132839 | EQ20: =SUM($DO20:DO20) -> 146254 | ER20: =SUM($DO20:DP20) -> 299611 | ES20: =SUM($DO20:DQ20) -> 480335 | ET20: =SUM($DO20:DR20) -> 652141 | EU20: =SUM($DO20:DS20) -> 805930 | EV20: =SUM($DO20:DT20) -> 955660 | EW20: =SUM($DO20:DU20) -> 1098344 | EX20: =SUM($DO20:DV20) -> 1229925 | ... FB20: =SUM($DO20:DZ20) -> 1229925 | FD20: =SUMIFS($DA20:$DZ20,$DA$8:$DZ$8,FD$7,$DA$7:$DZ$7,FD$8) -> 180698 | FE20: =SUMIFS($DA20:$DZ20,$DA$8:$DZ$8,FE$7,$DA$7:$DZ$7,FE$8) -> 131581 | FF20: =+FE20-FD20 -> -49117 | FG20: =IFERROR(FF20/FD20,1) -> -0.27181817 | FI20: =SUMIFS($EB20:$FB20,$EB$8:$FB$8,FI$7,$EB$7:$FB$7,FI$8) -> 1436579 | FJ20: =SUMIFS($EB20:$FB20,$EB$8:$FB$8,FJ$7,$EB$7:$FB$7,FJ$8) -> 1229925 | FK20: =+FJ20-FI20 -> -206654 | FL20: =IFERROR(FK20/FI20,1) -> -0.14385147
B21: BWB | C21: Buses & Misc. | D21: =+DA21 -> 152 | E21: =OFFSET(DA21,0,14,1,1) -> 121 | F21: =SUM(E21-D21) -> -31 | G21: =IF(F21=0,0,IF(D21=0,1,F21/D21)) -> -0.20394737 | H21: =SUMIF($D$6:G$6,H$5,$D21:G21) -> 152 | I21: =SUMIF($D$6:H$6,I$5,$D21:H21) -> 121 | J21: =SUM(I21-H21) -> -31 | K21: =IF(J21=0,0,IF(H21=0,1,J21/H21)) -> -0.20394737 | L21: =+DB21 -> 174 | M21: =OFFSET(DB21,0,14,1,1) -> 115 | N21: =SUM(M21-L21) -> -59 | O21: =IF(N21=0,0,IF(L21=0,1,N21/L21)) -> -0.33908046 | P21: =SUMIF($D$6:O$6,P$5,$D21:O21) -> 326 | Q21: =SUMIF($D$6:P$6,Q$5,$D21:P21) -> 236 | R21: =SUM(Q21-P21) -> -90 | S21: =IF(R21=0,0,IF(P21=0,1,R21/P21)) -> -0.27607362 | T21: =+DC21 -> 233 | U21: =OFFSET(DC21,0,14,1,1) -> 240 | V21: =SUM(U21-T21) -> 7 | W21: =IF(V21=0,0,IF(T21=0,1,V21/T21)) -> 0.030042918 | X21: =SUMIF($D$6:W$6,X$5,$D21:W21) -> 559 | Y21: =SUMIF($D$6:X$6,Y$5,$D21:X21) -> 476 | Z21: =SUM(Y21-X21) -> -83 | AA21: =IF(Z21=0,0,IF(X21=0,1,Z21/X21)) -> -0.14847943 | AB21: =+DD21 -> 135 | AC21: =OFFSET(DD21,0,14,1,1) -> 205 | AD21: =SUM(AC21-AB21) -> 70 | AE21: =IF(AD21=0,0,IF(AB21=0,1,AD21/AB21)) -> 0.51851852 | AF21: =SUMIF($D$6:AE$6,AF$5,$D21:AE21) -> 694 | AG21: =SUMIF($D$6:AF$6,AG$5,$D21:AF21) -> 681 | AH21: =SUM(AG21-AF21) -> -13 | AI21: =IF(AH21=0,0,IF(AF21=0,1,AH21/AF21)) -> -0.018731988 | AJ21: =+DE21 -> 302 | AK21: =OFFSET(DE21,0,14,1,1) -> 312 | AL21: =SUM(AK21-AJ21) -> 10 | AM21: =IF(AL21=0,0,IF(AJ21=0,1,AL21/AJ21)) -> 0.033112583 | AN21: =SUMIF($D$6:AM$6,AN$5,$D21:AM21) -> 996 | AO21: =SUMIF($D$6:AN$6,AO$5,$D21:AN21) -> 993 | AP21: =SUM(AO21-AN21) -> -3 | AQ21: =IF(AP21=0,0,IF(AN21=0,1,AP21/AN21)) -> -0.0030120482 | AR21: =+DF21 -> 265 | AS21: =OFFSET(DF21,0,14,1,1) -> 217 | AT21: =SUM(AS21-AR21) -> -48 | AU21: =IF(AT21=0,0,IF(AR21=0,1,AT21/AR21)) -> -0.18113208 | AV21: =SUMIF($D$6:AU$6,AV$5,$D21:AU21) -> 1261 | AW21: =SUMIF($D$6:AV$6,AW$5,$D21:AV21) -> 1210 | AX21: =SUM(AW21-AV21) -> -51 | AY21: =IF(AX21=0,0,IF(AV21=0,1,AX21/AV21)) -> -0.040444092 | AZ21: =+DG21 -> 254 | BA21: =OFFSET(DG21,0,14,1,1) -> 215 | BB21: =SUM(BA21-AZ21) -> -39 | BC21: =IF(BB21=0,0,IF(AZ21=0,1,BB21/AZ21)) -> -0.15354331 | BD21: =SUMIF($D$6:BC$6,BD$5,$D21:BC21) -> 1515 | BE21: =SUMIF($D$6:BD$6,BE$5,$D21:BD21) -> 1425 | BF21: =SUM(BE21-BD21) -> -90 | BG21: =IF(BF21=0,0,IF(BD21=0,1,BF21/BD21)) -> -0.059405941 | BH21: =+DH21 -> 363 | BI21: =OFFSET(DH21,0,14,1,1) -> 245 | BJ21: =SUM(BI21-BH21) -> -118 | BK21: =IF(BJ21=0,0,IF(BH21=0,1,BJ21/BH21)) -> -0.32506887 | BL21: =SUMIF($D$6:BK$6,BL$5,$D21:BK21) -> 1878 | BM21: =SUMIF($D$6:BL$6,BM$5,$D21:BL21) -> 1670 | BN21: =SUM(BM21-BL21) -> -208 | BO21: =IF(BN21=0,0,IF(BL21=0,1,BN21/BL21)) -> -0.11075612 | BP21: =+DI21 -> 189 | BQ21: =OFFSET(DI21,0,14,1,1) -> 0 | BR21: =SUM(BQ21-BP21) -> -189 | BS21: =IF(BR21=0,0,IF(BP21=0,1,BR21/BP21)) -> -1 | BT21: =SUMIF($D$6:BS$6,BT$5,$D21:BS21) -> 2067 | BU21: =SUMIF($D$6:BT$6,BU$5,$D21:BT21) -> 1670 | BV21: =SUM(BU21-BT21) -> -397 | BW21: =IF(BV21=0,0,IF(BT21=0,1,BV21/BT21)) -> -0.1920658 | BX21: =+DJ21 -> 207 | BY21: =OFFSET(DJ21,0,14,1,1) -> 0 | BZ21: =SUM(BY21-BX21) -> -207 | CA21: =IF(BZ21=0,0,IF(BX21=0,1,BZ21/BX21)) -> -1 | CB21: =SUMIF($D$6:CA$6,CB$5,$D21:CA21) -> 2274 | CC21: =SUMIF($D$6:CB$6,CC$5,$D21:CB21) -> 1670 | CD21: =SUM(CC21-CB21) -> -604 | CE21: =IF(CD21=0,0,IF(CB21=0,1,CD21/CB21)) -> -0.26561126 | CF21: =+DK21 -> 179 | CG21: =OFFSET(DK21,0,14,1,1) -> 0 | CH21: =SUM(CG21-CF21) -> -179 | CI21: =IF(CH21=0,0,IF(CF21=0,1,CH21/CF21)) -> -1 | CJ21: =SUMIF($D$6:CI$6,CJ$5,$D21:CI21) -> 2453 | CK21: =SUMIF($D$6:CJ$6,CK$5,$D21:CJ21) -> 1670 | CL21: =SUM(CK21-CJ21) -> -783 | CM21: =IF(CL21=0,0,IF(CJ21=0,1,CL21/CJ21)) -> -0.31920098 | CN21: =+DL21 -> 163 | CO21: =OFFSET(DL21,0,14,1,1) -> 0 | CP21: =SUM(CO21-CN21) -> -163 | CQ21: =IF(CP21=0,0,IF(CN21=0,1,CP21/CN21)) -> -1 | CR21: =SUMIF($D$6:CQ$6,CR$5,$D21:CQ21) -> 2616 | CS21: =SUMIF($D$6:CR$6,CS$5,$D21:CR21) -> 1670 | CT21: =SUM(CS21-CR21) -> -946 | CU21: =IF(CT21=0,0,IF(CR21=0,1,CT21/CR21)) -> -0.3616208 | CX21: Blue Water Bridge | CY21: Buses & Misc. | DA21: =SUMIF(BWB!$A$165:$A$185,Traffic!DA$7,BWB!E$165:E$185) -> 152 | DB21: =SUMIF(BWB!$A$165:$A$185,Traffic!DB$7,BWB!F$165:F$185) -> 174 | DC21: =SUMIF(BWB!$A$165:$A$185,Traffic!DC$7,BWB!G$165:G$185) -> 233 | DD21: =SUMIF(BWB!$A$165:$A$185,Traffic!DD$7,BWB!H$165:H$185) -> 135 | DE21: =SUMIF(BWB!$A$165:$A$185,Traffic!DE$7,BWB!I$165:I$185) -> 302 | DF21: =SUMIF(BWB!$A$165:$A$185,Traffic!DF$7,BWB!J$165:J$185) -> 265 | DG21: =SUMIF(BWB!$A$165:$A$185,Traffic!DG$7,BWB!K$165:K$185) -> 254 | DH21: =SUMIF(BWB!$A$165:$A$185,Traffic!DH$7,BWB!L$165:L$185) -> 363 | ... DL21: =SUMIF(BWB!$A$165:$A$185,Traffic!DL$7,BWB!P$165:P$185) -> 163 | DO21: =SUMIF(BWB!$A$165:$A$185,Traffic!DO$7,BWB!E$165:E$185) -> 121 | DP21: =SUMIF(BWB!$A$165:$A$185,Traffic!DP$7,BWB!F$165:F$185) -> 115 | DQ21: =SUMIF(BWB!$A$165:$A$185,Traffic!DQ$7,BWB!G$165:G$185) -> 240 | DR21: =SUMIF(BWB!$A$165:$A$185,Traffic!DR$7,BWB!H$165:H$185) -> 205 | DS21: =SUMIF(BWB!$A$165:$A$185,Traffic!DS$7,BWB!I$165:I$185) -> 312 | DT21: =SUMIF(BWB!$A$165:$A$185,Traffic!DT$7,BWB!J$165:J$185) -> 217 | DU21: =SUMIF(BWB!$A$165:$A$185,Traffic!DU$7,BWB!K$165:K$185) -> 215 | DV21: =SUMIF(BWB!$A$165:$A$185,Traffic!DV$7,BWB!L$165:L$185) -> 245 | ... DZ21: =SUMIF(BWB!$A$165:$A$185,Traffic!DZ$7,BWB!P$165:P$185) -> 0 | EB21: =SUM(DA21) -> 152 | EC21: =SUM($DA21:DB21) -> 326 | ED21: =SUM($DA21:DC21) -> 559 | EE21: =SUM($DA21:DD21) -> 694 | EF21: =SUM($DA21:DE21) -> 996 | EG21: =SUM($DA21:DF21) -> 1261 | EH21: =SUM($DA21:DG21) -> 1515 | EI21: =SUM($DA21:DH21) -> 1878 | EJ21: =SUM($DA21:DI21) -> 2067 | ... EM21: =SUM($DA21:DL21) -> 2616 | EQ21: =SUM($DO21:DO21) -> 121 | ER21: =SUM($DO21:DP21) -> 236 | ES21: =SUM($DO21:DQ21) -> 476 | ET21: =SUM($DO21:DR21) -> 681 | EU21: =SUM($DO21:DS21) -> 993 | EV21: =SUM($DO21:DT21) -> 1210 | EW21: =SUM($DO21:DU21) -> 1425 | EX21: =SUM($DO21:DV21) -> 1670 | ... FB21: =SUM($DO21:DZ21) -> 1670 | FD21: =SUMIFS($DA21:$DZ21,$DA$8:$DZ$8,FD$7,$DA$7:$DZ$7,FD$8) -> 363 | FE21: =SUMIFS($DA21:$DZ21,$DA$8:$DZ$8,FE$7,$DA$7:$DZ$7,FE$8) -> 245 | FF21: =+FE21-FD21 -> -118 | FG21: =IFERROR(FF21/FD21,1) -> -0.32506887 | FI21: =SUMIFS($EB21:$FB21,$EB$8:$FB$8,FI$7,$EB$7:$FB$7,FI$8) -> 1878 | FJ21: =SUMIFS($EB21:$FB21,$EB$8:$FB$8,FJ$7,$EB$7:$FB$7,FJ$8) -> 1670 | FK21: =+FJ21-FI21 -> -208 | FL21: =IFERROR(FK21/FI21,1) -> -0.11075612
B22: BWB | C22: TOTAL | D22: =+SUM(D19:D21) -> 295152 | E22: =+SUM(E19:E21) -> 244078 | F22: =SUM(F19:F21) -> -51074 | G22: =IF(F22=0,0,IF(D22=0,1,F22/D22)) -> -0.17304304 | H22: =SUM(H19:H21) -> 295152 | I22: =SUM(I19:I21) -> 244078 | J22: =SUM(J19:J21) -> -51074 | K22: =IF(J22=0,0,IF(H22=0,1,J22/H22)) -> -0.17304304 | L22: =+SUM(L19:L21) -> 272121 | M22: =+SUM(M19:M21) -> 246078 | N22: =SUM(N19:N21) -> -26043 | O22: =IF(N22=0,0,IF(L22=0,1,N22/L22)) -> -0.095703749 | P22: =SUM(P19:P21) -> 567273 | Q22: =SUM(Q19:Q21) -> 490156 | R22: =SUM(R19:R21) -> -77117 | S22: =IF(R22=0,0,IF(P22=0,1,R22/P22)) -> -0.13594336 | T22: =+SUM(T19:T21) -> 320101 | U22: =+SUM(U19:U21) -> 300157 | V22: =SUM(V19:V21) -> -19944 | W22: =IF(V22=0,0,IF(T22=0,1,V22/T22)) -> -0.062305335 | X22: =SUM(X19:X21) -> 887374 | Y22: =SUM(Y19:Y21) -> 790313 | Z22: =SUM(Z19:Z21) -> -97061 | AA22: =IF(Z22=0,0,IF(X22=0,1,Z22/X22)) -> -0.10938004 | AB22: =+SUM(AB19:AB21) -> 294190 | AC22: =+SUM(AC19:AC21) -> 296882 | AD22: =SUM(AD19:AD21) -> 2692 | AE22: =IF(AD22=0,0,IF(AB22=0,1,AD22/AB22)) -> 0.009150549 | AF22: =SUM(AF19:AF21) -> 1181564 | AG22: =SUM(AG19:AG21) -> 1087195 | AH22: =SUM(AH19:AH21) -> -94369 | AI22: =IF(AH22=0,0,IF(AF22=0,1,AH22/AF22)) -> -0.07986787 | AJ22: =+SUM(AJ19:AJ21) -> 320055 | AK22: =+SUM(AK19:AK21) -> 311254 | AL22: =SUM(AL19:AL21) -> -8801 | AM22: =IF(AL22=0,0,IF(AJ22=0,1,AL22/AJ22)) -> -0.027498399 | AN22: =SUM(AN19:AN21) -> 1501619 | AO22: =SUM(AO19:AO21) -> 1398449 | AP22: =SUM(AP19:AP21) -> -103170 | AQ22: =IF(AP22=0,0,IF(AN22=0,1,AP22/AN22)) -> -0.068705843 | AR22: =+SUM(AR19:AR21) -> 338385 | AS22: =+SUM(AS19:AS21) -> 327864 | AT22: =SUM(AT19:AT21) -> -10521 | AU22: =IF(AT22=0,0,IF(AR22=0,1,AT22/AR22)) -> -0.031091804 | AV22: =SUM(AV19:AV21) -> 1840004 | AW22: =SUM(AW19:AW21) -> 1726313 | AX22: =SUM(AX19:AX21) -> -113691 | AY22: =IF(AX22=0,0,IF(AV22=0,1,AX22/AV22)) -> -0.061788453 | AZ22: =+SUM(AZ19:AZ21) -> 362143 | BA22: =+SUM(BA19:BA21) -> 351086 | BB22: =SUM(BB19:BB21) -> -11057 | BC22: =IF(BB22=0,0,IF(AZ22=0,1,BB22/AZ22)) -> -0.030532138 | BD22: =SUM(BD19:BD21) -> 2202147 | BE22: =SUM(BE19:BE21) -> 2077399 | BF22: =SUM(BF19:BF21) -> -124748 | BG22: =IF(BF22=0,0,IF(BD22=0,1,BF22/BD22)) -> -0.056648353 | BH22: =+SUM(BH19:BH21) -> 372862 | BI22: =+SUM(BI19:BI21) -> 333986 | BJ22: =SUM(BJ19:BJ21) -> -38876 | BK22: =IF(BJ22=0,0,IF(BH22=0,1,BJ22/BH22)) -> -0.10426378 | BL22: =SUM(BL19:BL21) -> 2575009 | BM22: =SUM(BM19:BM21) -> 2411385 | BN22: =SUM(BN19:BN21) -> -163624 | BO22: =IF(BN22=0,0,IF(BL22=0,1,BN22/BL22)) -> -0.063543079 | BP22: =+SUM(BP19:BP21) -> 330241 | BQ22: =+SUM(BQ19:BQ21) -> 0 | BR22: =SUM(BR19:BR21) -> -330241 | BS22: =IF(BR22=0,0,IF(BP22=0,1,BR22/BP22)) -> -1 | BT22: =SUM(BT19:BT21) -> 2905250 | BU22: =SUM(BU19:BU21) -> 2411385 | BV22: =SUM(BV19:BV21) -> -493865 | BW22: =IF(BV22=0,0,IF(BT22=0,1,BV22/BT22)) -> -0.16999053 | BX22: =+SUM(BX19:BX21) -> 327835 | BY22: =+SUM(BY19:BY21) -> 0 | BZ22: =SUM(BZ19:BZ21) -> -327835 | CA22: =IF(BZ22=0,0,IF(BX22=0,1,BZ22/BX22)) -> -1 | CB22: =SUM(CB19:CB21) -> 3233085 | CC22: =SUM(CC19:CC21) -> 2411385 | CD22: =SUM(CD19:CD21) -> -821700 | CE22: =IF(CD22=0,0,IF(CB22=0,1,CD22/CB22)) -> -0.25415354 | CF22: =+SUM(CF19:CF21) -> 293573 | CG22: =+SUM(CG19:CG21) -> 0 | CH22: =SUM(CH19:CH21) -> -293573 | CI22: =IF(CH22=0,0,IF(CF22=0,1,CH22/CF22)) -> -1 | CJ22: =SUM(CJ19:CJ21) -> 3526658 | CK22: =SUM(CK19:CK21) -> 2411385 | CL22: =SUM(CL19:CL21) -> -1115273 | CM22: =IF(CL22=0,0,IF(CJ22=0,1,CL22/CJ22)) -> -0.31624076 | CN22: =+SUM(CN19:CN21) -> 274669 | CO22: =+SUM(CO19:CO21) -> 0 | CP22: =SUM(CP19:CP21) -> -274669 | CQ22: =IF(CP22=0,0,IF(CN22=0,1,CP22/CN22)) -> -1 | CR22: =SUM(CR19:CR21) -> 3801327 | CS22: =SUM(CS19:CS21) -> 2411385 | CT22: =SUM(CT19:CT21) -> -1389942 | CU22: =IF(CT22=0,0,IF(CR22=0,1,CT22/CR22)) -> -0.36564652 | CY22: Total | DA22: =SUM(DA19:DA21) -> 295152 | DB22: =SUM(DB19:DB21) -> 272121 | DC22: =SUM(DC19:DC21) -> 320101 | DD22: =SUM(DD19:DD21) -> 294190 | DE22: =SUM(DE19:DE21) -> 320055 | DF22: =SUM(DF19:DF21) -> 338385 | DG22: =SUM(DG19:DG21) -> 362143 | DH22: =SUM(DH19:DH21) -> 372862 | ... DL22: =SUM(DL19:DL21) -> 274669 | DO22: =SUM(DO19:DO21) -> 244078 | DP22: =SUM(DP19:DP21) -> 246078 | DQ22: =SUM(DQ19:DQ21) -> 300157 | DR22: =SUM(DR19:DR21) -> 296882 | DS22: =SUM(DS19:DS21) -> 311254 | DT22: =SUM(DT19:DT21) -> 327864 | DU22: =SUM(DU19:DU21) -> 351086 | DV22: =SUM(DV19:DV21) -> 333986 | ... DZ22: =SUM(DZ19:DZ21) -> 0 | EB22: =SUM(DA22) -> 295152 | EC22: =SUM($DA22:DB22) -> 567273 | ED22: =SUM($DA22:DC22) -> 887374 | EE22: =SUM($DA22:DD22) -> 1181564 | EF22: =SUM($DA22:DE22) -> 1501619 | EG22: =SUM($DA22:DF22) -> 1840004 | EH22: =SUM($DA22:DG22) -> 2202147 | EI22: =SUM($DA22:DH22) -> 2575009 | EJ22: =SUM($DA22:DI22) -> 2905250 | ... EM22: =SUM($DA22:DL22) -> 3801327 | EQ22: =SUM($DO22:DO22) -> 244078 | ER22: =SUM($DO22:DP22) -> 490156 | ES22: =SUM($DO22:DQ22) -> 790313 | ET22: =SUM($DO22:DR22) -> 1087195 | EU22: =SUM($DO22:DS22) -> 1398449 | EV22: =SUM($DO22:DT22) -> 1726313 | EW22: =SUM($DO22:DU22) -> 2077399 | EX22: =SUM($DO22:DV22) -> 2411385 | ... FB22: =SUM($DO22:DZ22) -> 2411385 | FD22: =SUMIFS($DA22:$DZ22,$DA$8:$DZ$8,FD$7,$DA$7:$DZ$7,FD$8) -> 372862 | FE22: =SUMIFS($DA22:$DZ22,$DA$8:$DZ$8,FE$7,$DA$7:$DZ$7,FE$8) -> 333986 | FF22: =+FE22-FD22 -> -38876 | FG22: =IFERROR(FF22/FD22,1) -> -0.10426378 | FI22: =SUMIFS($EB22:$FB22,$EB$8:$FB$8,FI$7,$EB$7:$FB$7,FI$8) -> 2575009 | FJ22: =SUMIFS($EB22:$FB22,$EB$8:$FB$8,FJ$7,$EB$7:$FB$7,FJ$8) -> 2411385 | FK22: =+FJ22-FI22 -> -163624 | FL22: =IFERROR(FK22/FI22,1) -> -0.063543079
B24: DWT | C24: Passenger Cars | D24: =+DA24 -> 304619 | E24: =OFFSET(DA24,0,14,1,1) -> 289016 | F24: =SUM(E24-D24) -> -15603 | G24: =IF(F24=0,0,IF(D24=0,1,F24/D24)) -> -0.051221362 | H24: =SUMIF($D$6:G$6,H$5,$D24:G24) -> 304619 | I24: =SUMIF($D$6:H$6,I$5,$D24:H24) -> 289016 | J24: =SUM(I24-H24) -> -15603 | K24: =IF(J24=0,0,IF(H24=0,1,J24/H24)) -> -0.051221362 | L24: =+DB24 -> 273738 | M24: =OFFSET(DB24,0,14,1,1) -> 291368 | N24: =SUM(M24-L24) -> 17630 | O24: =IF(N24=0,0,IF(L24=0,1,N24/L24)) -> 0.06440465 | P24: =SUMIF($D$6:O$6,P$5,$D24:O24) -> 578357 | Q24: =SUMIF($D$6:P$6,Q$5,$D24:P24) -> 580384 | R24: =SUM(Q24-P24) -> 2027 | S24: =IF(R24=0,0,IF(P24=0,1,R24/P24)) -> 0.0035047557 | T24: =+DC24 -> 317779 | U24: =OFFSET(DC24,0,14,1,1) -> 329281 | V24: =SUM(U24-T24) -> 11502 | W24: =IF(V24=0,0,IF(T24=0,1,V24/T24)) -> 0.036194966 | X24: =SUMIF($D$6:W$6,X$5,$D24:W24) -> 896136 | Y24: =SUMIF($D$6:X$6,Y$5,$D24:X24) -> 909665 | Z24: =SUM(Y24-X24) -> 13529 | AA24: =IF(Z24=0,0,IF(X24=0,1,Z24/X24)) -> 0.015097039 | AB24: =+DD24 -> 303248 | AC24: =OFFSET(DD24,0,14,1,1) -> 322513 | AD24: =SUM(AC24-AB24) -> 19265 | AE24: =IF(AD24=0,0,IF(AB24=0,1,AD24/AB24)) -> 0.063528861 | AF24: =SUMIF($D$6:AE$6,AF$5,$D24:AE24) -> 1199384 | AG24: =SUMIF($D$6:AF$6,AG$5,$D24:AF24) -> 1232178 | AH24: =SUM(AG24-AF24) -> 32794 | AI24: =IF(AH24=0,0,IF(AF24=0,1,AH24/AF24)) -> 0.027342369 | AJ24: =+DE24 -> 299344 | AK24: =OFFSET(DE24,0,14,1,1) -> 304982 | AL24: =SUM(AK24-AJ24) -> 5638 | AM24: =IF(AL24=0,0,IF(AJ24=0,1,AL24/AJ24)) -> 0.018834518 | AN24: =SUMIF($D$6:AM$6,AN$5,$D24:AM24) -> 1498728 | AO24: =SUMIF($D$6:AN$6,AO$5,$D24:AN24) -> 1537160 | AP24: =SUM(AO24-AN24) -> 38432 | AQ24: =IF(AP24=0,0,IF(AN24=0,1,AP24/AN24)) -> 0.025643079 | AR24: =+DF24 -> 304231 | AS24: =OFFSET(DF24,0,14,1,1) -> 320046 | AT24: =SUM(AS24-AR24) -> 15815 | AU24: =IF(AT24=0,0,IF(AR24=0,1,AT24/AR24)) -> 0.051983526 | AV24: =SUMIF($D$6:AU$6,AV$5,$D24:AU24) -> 1802959 | AW24: =SUMIF($D$6:AV$6,AW$5,$D24:AV24) -> 1857206 | AX24: =SUM(AW24-AV24) -> 54247 | AY24: =IF(AX24=0,0,IF(AV24=0,1,AX24/AV24)) -> 0.030087761 | AZ24: =+DG24 -> 331296 | BA24: =OFFSET(DG24,0,14,1,1) -> 324748 | BB24: =SUM(BA24-AZ24) -> -6548 | BC24: =IF(BB24=0,0,IF(AZ24=0,1,BB24/AZ24)) -> -0.019764802 | BD24: =SUMIF($D$6:BC$6,BD$5,$D24:BC24) -> 2134255 | BE24: =SUMIF($D$6:BD$6,BE$5,$D24:BD24) -> 2181954 | BF24: =SUM(BE24-BD24) -> 47699 | BG24: =IF(BF24=0,0,IF(BD24=0,1,BF24/BD24)) -> 0.022349251 | BH24: =+DH24 -> 340375 | BI24: =OFFSET(DH24,0,14,1,1) -> 280955 | BJ24: =SUM(BI24-BH24) -> -59420 | BK24: =IF(BJ24=0,0,IF(BH24=0,1,BJ24/BH24)) -> -0.17457216 | BL24: =SUMIF($D$6:BK$6,BL$5,$D24:BK24) -> 2474630 | BM24: =SUMIF($D$6:BL$6,BM$5,$D24:BL24) -> 2462909 | BN24: =SUM(BM24-BL24) -> -11721 | BO24: =IF(BN24=0,0,IF(BL24=0,1,BN24/BL24)) -> -0.0047364657 | BP24: =+DI24 -> 323331 | BQ24: =OFFSET(DI24,0,14,1,1) -> 0 | BR24: =SUM(BQ24-BP24) -> -323331 | BS24: =IF(BR24=0,0,IF(BP24=0,1,BR24/BP24)) -> -1 | BT24: =SUMIF($D$6:BS$6,BT$5,$D24:BS24) -> 2797961 | BU24: =SUMIF($D$6:BT$6,BU$5,$D24:BT24) -> 2462909 | BV24: =SUM(BU24-BT24) -> -335052 | BW24: =IF(BV24=0,0,IF(BT24=0,1,BV24/BT24)) -> -0.11974863 | BX24: =+DJ24 -> 341108 | BY24: =OFFSET(DJ24,0,14,1,1) -> 0 | BZ24: =SUM(BY24-BX24) -> -341108 | CA24: =IF(BZ24=0,0,IF(BX24=0,1,BZ24/BX24)) -> -1 | CB24: =SUMIF($D$6:CA$6,CB$5,$D24:CA24) -> 3139069 | CC24: =SUMIF($D$6:CB$6,CC$5,$D24:CB24) -> 2462909 | CD24: =SUM(CC24-CB24) -> -676160 | CE24: =IF(CD24=0,0,IF(CB24=0,1,CD24/CB24)) -> -0.21540145 | CF24: =+DK24 -> 302866 | CG24: =OFFSET(DK24,0,14,1,1) -> 0 | CH24: =SUM(CG24-CF24) -> -302866 | CI24: =IF(CH24=0,0,IF(CF24=0,1,CH24/CF24)) -> -1 | CJ24: =SUMIF($D$6:CI$6,CJ$5,$D24:CI24) -> 3441935 | CK24: =SUMIF($D$6:CJ$6,CK$5,$D24:CJ24) -> 2462909 | CL24: =SUM(CK24-CJ24) -> -979026 | CM24: =IF(CL24=0,0,IF(CJ24=0,1,CL24/CJ24)) -> -0.28444058 | CN24: =+DL24 -> 300939 | CO24: =OFFSET(DL24,0,14,1,1) -> 0 | CP24: =SUM(CO24-CN24) -> -300939 | CQ24: =IF(CP24=0,0,IF(CN24=0,1,CP24/CN24)) -> -1 | CR24: =SUMIF($D$6:CQ$6,CR$5,$D24:CQ24) -> 3742874 | CS24: =SUMIF($D$6:CR$6,CS$5,$D24:CR24) -> 2462909 | CT24: =SUM(CS24-CR24) -> -1279965 | CU24: =IF(CT24=0,0,IF(CR24=0,1,CT24/CR24)) -> -0.34197384 | CX24: Detroit-Windsor Tunnel | CY24: Passenger Cars | DA24: =SUMIF(DWT!$A$118:$A$138,Traffic!DA$7,DWT!E$118:E$138) -> 304619 | DB24: =SUMIF(DWT!$A$118:$A$138,Traffic!DB$7,DWT!F$118:F$138) -> 273738 | DC24: =SUMIF(DWT!$A$118:$A$138,Traffic!DC$7,DWT!G$118:G$138) -> 317779 | DD24: =SUMIF(DWT!$A$118:$A$138,Traffic!DD$7,DWT!H$118:H$138) -> 303248 | DE24: =SUMIF(DWT!$A$118:$A$138,Traffic!DE$7,DWT!I$118:I$138) -> 299344 | DF24: =SUMIF(DWT!$A$118:$A$138,Traffic!DF$7,DWT!J$118:J$138) -> 304231 | DG24: =SUMIF(DWT!$A$118:$A$138,Traffic!DG$7,DWT!K$118:K$138) -> 331296 | DH24: =SUMIF(DWT!$A$118:$A$138,Traffic!DH$7,DWT!L$118:L$138) -> 340375 | ... DL24: =SUMIF(DWT!$A$118:$A$138,Traffic!DL$7,DWT!P$118:P$138) -> 300939 | DO24: =SUMIF(DWT!$A$118:$A$138,Traffic!DO$7,DWT!E$118:E$138) -> 289016 | DP24: =SUMIF(DWT!$A$118:$A$138,Traffic!DP$7,DWT!F$118:F$138) -> 291368 | DQ24: =SUMIF(DWT!$A$118:$A$138,Traffic!DQ$7,DWT!G$118:G$138) -> 329281 | DR24: =SUMIF(DWT!$A$118:$A$138,Traffic!DR$7,DWT!H$118:H$138) -> 322513 | DS24: =SUMIF(DWT!$A$118:$A$138,Traffic!DS$7,DWT!I$118:I$138) -> 304982 | DT24: =SUMIF(DWT!$A$118:$A$138,Traffic!DT$7,DWT!J$118:J$138) -> 320046 | DU24: =SUMIF(DWT!$A$118:$A$138,Traffic!DU$7,DWT!K$118:K$138) -> 324748 | DV24: =SUMIF(DWT!$A$118:$A$138,Traffic!DV$7,DWT!L$118:L$138) -> 280955 | ... DZ24: =SUMIF(DWT!$A$118:$A$138,Traffic!DZ$7,DWT!P$118:P$138) -> 0 | EB24: =SUM(DA24) -> 304619 | EC24: =SUM($DA24:DB24) -> 578357 | ED24: =SUM($DA24:DC24) -> 896136 | EE24: =SUM($DA24:DD24) -> 1199384 | EF24: =SUM($DA24:DE24) -> 1498728 | EG24: =SUM($DA24:DF24) -> 1802959 | EH24: =SUM($DA24:DG24) -> 2134255 | EI24: =SUM($DA24:DH24) -> 2474630 | EJ24: =SUM($DA24:DI24) -> 2797961 | ... EM24: =SUM($DA24:DL24) -> 3742874 | EQ24: =SUM($DO24:DO24) -> 289016 | ER24: =SUM($DO24:DP24) -> 580384 | ES24: =SUM($DO24:DQ24) -> 909665 | ET24: =SUM($DO24:DR24) -> 1232178 | EU24: =SUM($DO24:DS24) -> 1537160 | EV24: =SUM($DO24:DT24) -> 1857206 | EW24: =SUM($DO24:DU24) -> 2181954 | EX24: =SUM($DO24:DV24) -> 2462909 | ... FB24: =SUM($DO24:DZ24) -> 2462909 | FD24: =SUMIFS($DA24:$DZ24,$DA$8:$DZ$8,FD$7,$DA$7:$DZ$7,FD$8) -> 340375 | FE24: =SUMIFS($DA24:$DZ24,$DA$8:$DZ$8,FE$7,$DA$7:$DZ$7,FE$8) -> 280955 | FF24: =+FE24-FD24 -> -59420 | FG24: =IFERROR(FF24/FD24,1) -> -0.17457216 | FI24: =SUMIFS($EB24:$FB24,$EB$8:$FB$8,FI$7,$EB$7:$FB$7,FI$8) -> 2474630 | FJ24: =SUMIFS($EB24:$FB24,$EB$8:$FB$8,FJ$7,$EB$7:$FB$7,FJ$8) -> 2462909 | FK24: =+FJ24-FI24 -> -11721 | FL24: =IFERROR(FK24/FI24,1) -> -0.0047364657
A25: =+CX26 -> Detroit-Windsor Tunnel | B25: DWT | C25: Trucks | D25: =+DA25 -> 1440 | E25: =OFFSET(DA25,0,14,1,1) -> 1126 | F25: =SUM(E25-D25) -> -314 | G25: =IF(F25=0,0,IF(D25=0,1,F25/D25)) -> -0.21805556 | H25: =SUMIF($D$6:G$6,H$5,$D25:G25) -> 1440 | I25: =SUMIF($D$6:H$6,I$5,$D25:H25) -> 1126 | J25: =SUM(I25-H25) -> -314 | K25: =IF(J25=0,0,IF(H25=0,1,J25/H25)) -> -0.21805556 | L25: =+DB25 -> 1491 | M25: =OFFSET(DB25,0,14,1,1) -> 1299 | N25: =SUM(M25-L25) -> -192 | O25: =IF(N25=0,0,IF(L25=0,1,N25/L25)) -> -0.12877264 | P25: =SUMIF($D$6:O$6,P$5,$D25:O25) -> 2931 | Q25: =SUMIF($D$6:P$6,Q$5,$D25:P25) -> 2425 | R25: =SUM(Q25-P25) -> -506 | S25: =IF(R25=0,0,IF(P25=0,1,R25/P25)) -> -0.17263733 | T25: =+DC25 -> 1610 | U25: =OFFSET(DC25,0,14,1,1) -> 1583 | V25: =SUM(U25-T25) -> -27 | W25: =IF(V25=0,0,IF(T25=0,1,V25/T25)) -> -0.016770186 | X25: =SUMIF($D$6:W$6,X$5,$D25:W25) -> 4541 | Y25: =SUMIF($D$6:X$6,Y$5,$D25:X25) -> 4008 | Z25: =SUM(Y25-X25) -> -533 | AA25: =IF(Z25=0,0,IF(X25=0,1,Z25/X25)) -> -0.11737503 | AB25: =+DD25 -> 1466 | AC25: =OFFSET(DD25,0,14,1,1) -> 1190 | AD25: =SUM(AC25-AB25) -> -276 | AE25: =IF(AD25=0,0,IF(AB25=0,1,AD25/AB25)) -> -0.18826739 | AF25: =SUMIF($D$6:AE$6,AF$5,$D25:AE25) -> 6007 | AG25: =SUMIF($D$6:AF$6,AG$5,$D25:AF25) -> 5198 | AH25: =SUM(AG25-AF25) -> -809 | AI25: =IF(AH25=0,0,IF(AF25=0,1,AH25/AF25)) -> -0.13467621 | AJ25: =+DE25 -> 1273 | AK25: =OFFSET(DE25,0,14,1,1) -> 1189 | AL25: =SUM(AK25-AJ25) -> -84 | AM25: =IF(AL25=0,0,IF(AJ25=0,1,AL25/AJ25)) -> -0.06598586 | AN25: =SUMIF($D$6:AM$6,AN$5,$D25:AM25) -> 7280 | AO25: =SUMIF($D$6:AN$6,AO$5,$D25:AN25) -> 6387 | AP25: =SUM(AO25-AN25) -> -893 | AQ25: =IF(AP25=0,0,IF(AN25=0,1,AP25/AN25)) -> -0.12266484 | AR25: =+DF25 -> 1309 | AS25: =OFFSET(DF25,0,14,1,1) -> 1402 | AT25: =SUM(AS25-AR25) -> 93 | AU25: =IF(AT25=0,0,IF(AR25=0,1,AT25/AR25)) -> 0.0710466 | AV25: =SUMIF($D$6:AU$6,AV$5,$D25:AU25) -> 8589 | AW25: =SUMIF($D$6:AV$6,AW$5,$D25:AV25) -> 7789 | AX25: =SUM(AW25-AV25) -> -800 | AY25: =IF(AX25=0,0,IF(AV25=0,1,AX25/AV25)) -> -0.093142391 | AZ25: =+DG25 -> 1419 | BA25: =OFFSET(DG25,0,14,1,1) -> 1134 | BB25: =SUM(BA25-AZ25) -> -285 | BC25: =IF(BB25=0,0,IF(AZ25=0,1,BB25/AZ25)) -> -0.20084567 | BD25: =SUMIF($D$6:BC$6,BD$5,$D25:BC25) -> 10008 | BE25: =SUMIF($D$6:BD$6,BE$5,$D25:BD25) -> 8923 | BF25: =SUM(BE25-BD25) -> -1085 | BG25: =IF(BF25=0,0,IF(BD25=0,1,BF25/BD25)) -> -0.10841327 | BH25: =+DH25 -> 1310 | BI25: =OFFSET(DH25,0,14,1,1) -> 952 | BJ25: =SUM(BI25-BH25) -> -358 | BK25: =IF(BJ25=0,0,IF(BH25=0,1,BJ25/BH25)) -> -0.27328244 | BL25: =SUMIF($D$6:BK$6,BL$5,$D25:BK25) -> 11318 | BM25: =SUMIF($D$6:BL$6,BM$5,$D25:BL25) -> 9875 | BN25: =SUM(BM25-BL25) -> -1443 | BO25: =IF(BN25=0,0,IF(BL25=0,1,BN25/BL25)) -> -0.12749602 | BP25: =+DI25 -> 1512 | BQ25: =OFFSET(DI25,0,14,1,1) -> 0 | BR25: =SUM(BQ25-BP25) -> -1512 | BS25: =IF(BR25=0,0,IF(BP25=0,1,BR25/BP25)) -> -1 | BT25: =SUMIF($D$6:BS$6,BT$5,$D25:BS25) -> 12830 | BU25: =SUMIF($D$6:BT$6,BU$5,$D25:BT25) -> 9875 | BV25: =SUM(BU25-BT25) -> -2955 | BW25: =IF(BV25=0,0,IF(BT25=0,1,BV25/BT25)) -> -0.23031956 | BX25: =+DJ25 -> 1676 | BY25: =OFFSET(DJ25,0,14,1,1) -> 0 | BZ25: =SUM(BY25-BX25) -> -1676 | CA25: =IF(BZ25=0,0,IF(BX25=0,1,BZ25/BX25)) -> -1 | CB25: =SUMIF($D$6:CA$6,CB$5,$D25:CA25) -> 14506 | CC25: =SUMIF($D$6:CB$6,CC$5,$D25:CB25) -> 9875 | CD25: =SUM(CC25-CB25) -> -4631 | CE25: =IF(CD25=0,0,IF(CB25=0,1,CD25/CB25)) -> -0.31924721 | CF25: =+DK25 -> 1305 | CG25: =OFFSET(DK25,0,14,1,1) -> 0 | CH25: =SUM(CG25-CF25) -> -1305 | CI25: =IF(CH25=0,0,IF(CF25=0,1,CH25/CF25)) -> -1 | CJ25: =SUMIF($D$6:CI$6,CJ$5,$D25:CI25) -> 15811 | CK25: =SUMIF($D$6:CJ$6,CK$5,$D25:CJ25) -> 9875 | CL25: =SUM(CK25-CJ25) -> -5936 | CM25: =IF(CL25=0,0,IF(CJ25=0,1,CL25/CJ25)) -> -0.37543482 | CN25: =+DL25 -> 1189 | CO25: =OFFSET(DL25,0,14,1,1) -> 0 | CP25: =SUM(CO25-CN25) -> -1189 | CQ25: =IF(CP25=0,0,IF(CN25=0,1,CP25/CN25)) -> -1 | CR25: =SUMIF($D$6:CQ$6,CR$5,$D25:CQ25) -> 17000 | CS25: =SUMIF($D$6:CR$6,CS$5,$D25:CR25) -> 9875 | CT25: =SUM(CS25-CR25) -> -7125 | CU25: =IF(CT25=0,0,IF(CR25=0,1,CT25/CR25)) -> -0.41911765 | CX25: Detroit-Windsor Tunnel | CY25: Trucks | DA25: =SUMIF(DWT!$A$141:$A$161,Traffic!DA$7,DWT!E$141:E$161) -> 1440 | DB25: =SUMIF(DWT!$A$141:$A$161,Traffic!DB$7,DWT!F$141:F$161) -> 1491 | DC25: =SUMIF(DWT!$A$141:$A$161,Traffic!DC$7,DWT!G$141:G$161) -> 1610 | DD25: =SUMIF(DWT!$A$141:$A$161,Traffic!DD$7,DWT!H$141:H$161) -> 1466 | DE25: =SUMIF(DWT!$A$141:$A$161,Traffic!DE$7,DWT!I$141:I$161) -> 1273 | DF25: =SUMIF(DWT!$A$141:$A$161,Traffic!DF$7,DWT!J$141:J$161) -> 1309 | DG25: =SUMIF(DWT!$A$141:$A$161,Traffic!DG$7,DWT!K$141:K$161) -> 1419 | DH25: =SUMIF(DWT!$A$141:$A$161,Traffic!DH$7,DWT!L$141:L$161) -> 1310 | ... DL25: =SUMIF(DWT!$A$141:$A$161,Traffic!DL$7,DWT!P$141:P$161) -> 1189 | DO25: =SUMIF(DWT!$A$141:$A$161,Traffic!DO$7,DWT!E$141:E$161) -> 1126 | DP25: =SUMIF(DWT!$A$141:$A$161,Traffic!DP$7,DWT!F$141:F$161) -> 1299 | DQ25: =SUMIF(DWT!$A$141:$A$161,Traffic!DQ$7,DWT!G$141:G$161) -> 1583 | DR25: =SUMIF(DWT!$A$141:$A$161,Traffic!DR$7,DWT!H$141:H$161) -> 1190 | DS25: =SUMIF(DWT!$A$141:$A$161,Traffic!DS$7,DWT!I$141:I$161) -> 1189 | DT25: =SUMIF(DWT!$A$141:$A$161,Traffic!DT$7,DWT!J$141:J$161) -> 1402 | DU25: =SUMIF(DWT!$A$141:$A$161,Traffic!DU$7,DWT!K$141:K$161) -> 1134 | DV25: =SUMIF(DWT!$A$141:$A$161,Traffic!DV$7,DWT!L$141:L$161) -> 952 | ... DZ25: =SUMIF(DWT!$A$141:$A$161,Traffic!DZ$7,DWT!P$141:P$161) -> 0 | EB25: =SUM(DA25) -> 1440 | EC25: =SUM($DA25:DB25) -> 2931 | ED25: =SUM($DA25:DC25) -> 4541 | EE25: =SUM($DA25:DD25) -> 6007 | EF25: =SUM($DA25:DE25) -> 7280 | EG25: =SUM($DA25:DF25) -> 8589 | EH25: =SUM($DA25:DG25) -> 10008 | EI25: =SUM($DA25:DH25) -> 11318 | EJ25: =SUM($DA25:DI25) -> 12830 | ... EM25: =SUM($DA25:DL25) -> 17000 | EQ25: =SUM($DO25:DO25) -> 1126 | ER25: =SUM($DO25:DP25) -> 2425 | ES25: =SUM($DO25:DQ25) -> 4008 | ET25: =SUM($DO25:DR25) -> 5198 | EU25: =SUM($DO25:DS25) -> 6387 | EV25: =SUM($DO25:DT25) -> 7789 | EW25: =SUM($DO25:DU25) -> 8923 | EX25: =SUM($DO25:DV25) -> 9875 | ... FB25: =SUM($DO25:DZ25) -> 9875 | FD25: =SUMIFS($DA25:$DZ25,$DA$8:$DZ$8,FD$7,$DA$7:$DZ$7,FD$8) -> 1310 | FE25: =SUMIFS($DA25:$DZ25,$DA$8:$DZ$8,FE$7,$DA$7:$DZ$7,FE$8) -> 952 | FF25: =+FE25-FD25 -> -358 | FG25: =IFERROR(FF25/FD25,1) -> -0.27328244 | FI25: =SUMIFS($EB25:$FB25,$EB$8:$FB$8,FI$7,$EB$7:$FB$7,FI$8) -> 11318 | FJ25: =SUMIFS($EB25:$FB25,$EB$8:$FB$8,FJ$7,$EB$7:$FB$7,FJ$8) -> 9875 | FK25: =+FJ25-FI25 -> -1443 | FL25: =IFERROR(FK25/FI25,1) -> -0.12749602
B26: DWT | C26: Buses & Misc. | D26: =+DA26 -> 1347 | E26: =OFFSET(DA26,0,14,1,1) -> 809 | F26: =SUM(E26-D26) -> -538 | G26: =IF(F26=0,0,IF(D26=0,1,F26/D26)) -> -0.39940609 | H26: =SUMIF($D$6:G$6,H$5,$D26:G26) -> 1347 | I26: =SUMIF($D$6:H$6,I$5,$D26:H26) -> 809 | J26: =SUM(I26-H26) -> -538 | K26: =IF(J26=0,0,IF(H26=0,1,J26/H26)) -> -0.39940609 | L26: =+DB26 -> 1066 | M26: =OFFSET(DB26,0,14,1,1) -> 734 | N26: =SUM(M26-L26) -> -332 | O26: =IF(N26=0,0,IF(L26=0,1,N26/L26)) -> -0.31144465 | P26: =SUMIF($D$6:O$6,P$5,$D26:O26) -> 2413 | Q26: =SUMIF($D$6:P$6,Q$5,$D26:P26) -> 1543 | R26: =SUM(Q26-P26) -> -870 | S26: =IF(R26=0,0,IF(P26=0,1,R26/P26)) -> -0.36054704 | T26: =+DC26 -> 1182 | U26: =OFFSET(DC26,0,14,1,1) -> 846 | V26: =SUM(U26-T26) -> -336 | W26: =IF(V26=0,0,IF(T26=0,1,V26/T26)) -> -0.28426396 | X26: =SUMIF($D$6:W$6,X$5,$D26:W26) -> 3595 | Y26: =SUMIF($D$6:X$6,Y$5,$D26:X26) -> 2389 | Z26: =SUM(Y26-X26) -> -1206 | AA26: =IF(Z26=0,0,IF(X26=0,1,Z26/X26)) -> -0.33546592 | AB26: =+DD26 -> 1196 | AC26: =OFFSET(DD26,0,14,1,1) -> 897 | AD26: =SUM(AC26-AB26) -> -299 | AE26: =IF(AD26=0,0,IF(AB26=0,1,AD26/AB26)) -> -0.25 | AF26: =SUMIF($D$6:AE$6,AF$5,$D26:AE26) -> 4791 | AG26: =SUMIF($D$6:AF$6,AG$5,$D26:AF26) -> 3286 | AH26: =SUM(AG26-AF26) -> -1505 | AI26: =IF(AH26=0,0,IF(AF26=0,1,AH26/AF26)) -> -0.31413066 | AJ26: =+DE26 -> 1293 | AK26: =OFFSET(DE26,0,14,1,1) -> 1010 | AL26: =SUM(AK26-AJ26) -> -283 | AM26: =IF(AL26=0,0,IF(AJ26=0,1,AL26/AJ26)) -> -0.21887084 | AN26: =SUMIF($D$6:AM$6,AN$5,$D26:AM26) -> 6084 | AO26: =SUMIF($D$6:AN$6,AO$5,$D26:AN26) -> 4296 | AP26: =SUM(AO26-AN26) -> -1788 | AQ26: =IF(AP26=0,0,IF(AN26=0,1,AP26/AN26)) -> -0.2938856 | AR26: =+DF26 -> 1223 | AS26: =OFFSET(DF26,0,14,1,1) -> 923 | AT26: =SUM(AS26-AR26) -> -300 | AU26: =IF(AT26=0,0,IF(AR26=0,1,AT26/AR26)) -> -0.24529845 | AV26: =SUMIF($D$6:AU$6,AV$5,$D26:AU26) -> 7307 | AW26: =SUMIF($D$6:AV$6,AW$5,$D26:AV26) -> 5219 | AX26: =SUM(AW26-AV26) -> -2088 | AY26: =IF(AX26=0,0,IF(AV26=0,1,AX26/AV26)) -> -0.28575339 | AZ26: =+DG26 -> 1383 | BA26: =OFFSET(DG26,0,14,1,1) -> 959 | BB26: =SUM(BA26-AZ26) -> -424 | BC26: =IF(BB26=0,0,IF(AZ26=0,1,BB26/AZ26)) -> -0.3065799 | BD26: =SUMIF($D$6:BC$6,BD$5,$D26:BC26) -> 8690 | BE26: =SUMIF($D$6:BD$6,BE$5,$D26:BD26) -> 6178 | BF26: =SUM(BE26-BD26) -> -2512 | BG26: =IF(BF26=0,0,IF(BD26=0,1,BF26/BD26)) -> -0.28906789 | BH26: =+DH26 -> 1429 | BI26: =OFFSET(DH26,0,14,1,1) -> 973 | BJ26: =SUM(BI26-BH26) -> -456 | BK26: =IF(BJ26=0,0,IF(BH26=0,1,BJ26/BH26)) -> -0.31910427 | BL26: =SUMIF($D$6:BK$6,BL$5,$D26:BK26) -> 10119 | BM26: =SUMIF($D$6:BL$6,BM$5,$D26:BL26) -> 7151 | BN26: =SUM(BM26-BL26) -> -2968 | BO26: =IF(BN26=0,0,IF(BL26=0,1,BN26/BL26)) -> -0.29330962 | BP26: =+DI26 -> 461 | BQ26: =OFFSET(DI26,0,14,1,1) -> 0 | BR26: =SUM(BQ26-BP26) -> -461 | BS26: =IF(BR26=0,0,IF(BP26=0,1,BR26/BP26)) -> -1 | BT26: =SUMIF($D$6:BS$6,BT$5,$D26:BS26) -> 10580 | BU26: =SUMIF($D$6:BT$6,BU$5,$D26:BT26) -> 7151 | BV26: =SUM(BU26-BT26) -> -3429 | BW26: =IF(BV26=0,0,IF(BT26=0,1,BV26/BT26)) -> -0.32410208 | BX26: =+DJ26 -> 1042 | BY26: =OFFSET(DJ26,0,14,1,1) -> 0 | BZ26: =SUM(BY26-BX26) -> -1042 | CA26: =IF(BZ26=0,0,IF(BX26=0,1,BZ26/BX26)) -> -1 | CB26: =SUMIF($D$6:CA$6,CB$5,$D26:CA26) -> 11622 | CC26: =SUMIF($D$6:CB$6,CC$5,$D26:CB26) -> 7151 | CD26: =SUM(CC26-CB26) -> -4471 | CE26: =IF(CD26=0,0,IF(CB26=0,1,CD26/CB26)) -> -0.38470143 | CF26: =+DK26 -> 911 | CG26: =OFFSET(DK26,0,14,1,1) -> 0 | CH26: =SUM(CG26-CF26) -> -911 | CI26: =IF(CH26=0,0,IF(CF26=0,1,CH26/CF26)) -> -1 | CJ26: =SUMIF($D$6:CI$6,CJ$5,$D26:CI26) -> 12533 | CK26: =SUMIF($D$6:CJ$6,CK$5,$D26:CJ26) -> 7151 | CL26: =SUM(CK26-CJ26) -> -5382 | CM26: =IF(CL26=0,0,IF(CJ26=0,1,CL26/CJ26)) -> -0.42942631 | CN26: =+DL26 -> 875 | CO26: =OFFSET(DL26,0,14,1,1) -> 0 | CP26: =SUM(CO26-CN26) -> -875 | CQ26: =IF(CP26=0,0,IF(CN26=0,1,CP26/CN26)) -> -1 | CR26: =SUMIF($D$6:CQ$6,CR$5,$D26:CQ26) -> 13408 | CS26: =SUMIF($D$6:CR$6,CS$5,$D26:CR26) -> 7151 | CT26: =SUM(CS26-CR26) -> -6257 | CU26: =IF(CT26=0,0,IF(CR26=0,1,CT26/CR26)) -> -0.46666169 | CX26: Detroit-Windsor Tunnel | CY26: Buses & Misc. | DA26: =SUMIF(DWT!$A$164:$A$184,Traffic!DA$7,DWT!E$164:E$184) -> 1347 | DB26: =SUMIF(DWT!$A$164:$A$184,Traffic!DB$7,DWT!F$164:F$184) -> 1066 | DC26: =SUMIF(DWT!$A$164:$A$184,Traffic!DC$7,DWT!G$164:G$184) -> 1182 | DD26: =SUMIF(DWT!$A$164:$A$184,Traffic!DD$7,DWT!H$164:H$184) -> 1196 | DE26: =SUMIF(DWT!$A$164:$A$184,Traffic!DE$7,DWT!I$164:I$184) -> 1293 | DF26: =SUMIF(DWT!$A$164:$A$184,Traffic!DF$7,DWT!J$164:J$184) -> 1223 | DG26: =SUMIF(DWT!$A$164:$A$184,Traffic!DG$7,DWT!K$164:K$184) -> 1383 | DH26: =SUMIF(DWT!$A$164:$A$184,Traffic!DH$7,DWT!L$164:L$184) -> 1429 | ... DL26: =SUMIF(DWT!$A$164:$A$184,Traffic!DL$7,DWT!P$164:P$184) -> 875 | DO26: =SUMIF(DWT!$A$164:$A$184,Traffic!DO$7,DWT!E$164:E$184) -> 809 | DP26: =SUMIF(DWT!$A$164:$A$184,Traffic!DP$7,DWT!F$164:F$184) -> 734 | DQ26: =SUMIF(DWT!$A$164:$A$184,Traffic!DQ$7,DWT!G$164:G$184) -> 846 | DR26: =SUMIF(DWT!$A$164:$A$184,Traffic!DR$7,DWT!H$164:H$184) -> 897 | DS26: =SUMIF(DWT!$A$164:$A$184,Traffic!DS$7,DWT!I$164:I$184) -> 1010 | DT26: =SUMIF(DWT!$A$164:$A$184,Traffic!DT$7,DWT!J$164:J$184) -> 923 | DU26: =SUMIF(DWT!$A$164:$A$184,Traffic!DU$7,DWT!K$164:K$184) -> 959 | DV26: =SUMIF(DWT!$A$164:$A$184,Traffic!DV$7,DWT!L$164:L$184) -> 973 | ... DZ26: =SUMIF(DWT!$A$164:$A$184,Traffic!DZ$7,DWT!P$164:P$184) -> 0 | EB26: =SUM(DA26) -> 1347 | EC26: =SUM($DA26:DB26) -> 2413 | ED26: =SUM($DA26:DC26) -> 3595 | EE26: =SUM($DA26:DD26) -> 4791 | EF26: =SUM($DA26:DE26) -> 6084 | EG26: =SUM($DA26:DF26) -> 7307 | EH26: =SUM($DA26:DG26) -> 8690 | EI26: =SUM($DA26:DH26) -> 10119 | EJ26: =SUM($DA26:DI26) -> 10580 | ... EM26: =SUM($DA26:DL26) -> 13408 | EQ26: =SUM($DO26:DO26) -> 809 | ER26: =SUM($DO26:DP26) -> 1543 | ES26: =SUM($DO26:DQ26) -> 2389 | ET26: =SUM($DO26:DR26) -> 3286 | EU26: =SUM($DO26:DS26) -> 4296 | EV26: =SUM($DO26:DT26) -> 5219 | EW26: =SUM($DO26:DU26) -> 6178 | EX26: =SUM($DO26:DV26) -> 7151 | ... FB26: =SUM($DO26:DZ26) -> 7151 | FD26: =SUMIFS($DA26:$DZ26,$DA$8:$DZ$8,FD$7,$DA$7:$DZ$7,FD$8) -> 1429 | FE26: =SUMIFS($DA26:$DZ26,$DA$8:$DZ$8,FE$7,$DA$7:$DZ$7,FE$8) -> 973 | FF26: =+FE26-FD26 -> -456 | FG26: =IFERROR(FF26/FD26,1) -> -0.31910427 | FI26: =SUMIFS($EB26:$FB26,$EB$8:$FB$8,FI$7,$EB$7:$FB$7,FI$8) -> 10119 | FJ26: =SUMIFS($EB26:$FB26,$EB$8:$FB$8,FJ$7,$EB$7:$FB$7,FJ$8) -> 7151 | FK26: =+FJ26-FI26 -> -2968 | FL26: =IFERROR(FK26/FI26,1) -> -0.29330962
B27: DWT | C27: TOTAL | D27: =+SUM(D24:D26) -> 307406 | E27: =+SUM(E24:E26) -> 290951 | F27: =SUM(F24:F26) -> -16455 | G27: =IF(F27=0,0,IF(D27=0,1,F27/D27)) -> -0.053528558 | H27: =SUM(H24:H26) -> 307406 | I27: =SUM(I24:I26) -> 290951 | J27: =SUM(J24:J26) -> -16455 | K27: =IF(J27=0,0,IF(H27=0,1,J27/H27)) -> -0.053528558 | L27: =+SUM(L24:L26) -> 276295 | M27: =+SUM(M24:M26) -> 293401 | N27: =SUM(N24:N26) -> 17106 | O27: =IF(N27=0,0,IF(L27=0,1,N27/L27)) -> 0.061912087 | P27: =SUM(P24:P26) -> 583701 | Q27: =SUM(Q24:Q26) -> 584352 | R27: =SUM(R24:R26) -> 651 | S27: =IF(R27=0,0,IF(P27=0,1,R27/P27)) -> 0.001115297 | T27: =+SUM(T24:T26) -> 320571 | U27: =+SUM(U24:U26) -> 331710 | V27: =SUM(V24:V26) -> 11139 | W27: =IF(V27=0,0,IF(T27=0,1,V27/T27)) -> 0.034747373 | X27: =SUM(X24:X26) -> 904272 | Y27: =SUM(Y24:Y26) -> 916062 | Z27: =SUM(Z24:Z26) -> 11790 | AA27: =IF(Z27=0,0,IF(X27=0,1,Z27/X27)) -> 0.013038112 | AB27: =+SUM(AB24:AB26) -> 305910 | AC27: =+SUM(AC24:AC26) -> 324600 | AD27: =SUM(AD24:AD26) -> 18690 | AE27: =IF(AD27=0,0,IF(AB27=0,1,AD27/AB27)) -> 0.061096401 | AF27: =SUM(AF24:AF26) -> 1210182 | AG27: =SUM(AG24:AG26) -> 1240662 | AH27: =SUM(AH24:AH26) -> 30480 | AI27: =IF(AH27=0,0,IF(AF27=0,1,AH27/AF27)) -> 0.025186294 | AJ27: =+SUM(AJ24:AJ26) -> 301910 | AK27: =+SUM(AK24:AK26) -> 307181 | AL27: =SUM(AL24:AL26) -> 5271 | AM27: =IF(AL27=0,0,IF(AJ27=0,1,AL27/AJ27)) -> 0.017458845 | AN27: =SUM(AN24:AN26) -> 1512092 | AO27: =SUM(AO24:AO26) -> 1547843 | AP27: =SUM(AP24:AP26) -> 35751 | AQ27: =IF(AP27=0,0,IF(AN27=0,1,AP27/AN27)) -> 0.023643403 | AR27: =+SUM(AR24:AR26) -> 306763 | AS27: =+SUM(AS24:AS26) -> 322371 | AT27: =SUM(AT24:AT26) -> 15608 | AU27: =IF(AT27=0,0,IF(AR27=0,1,AT27/AR27)) -> 0.050879669 | AV27: =SUM(AV24:AV26) -> 1818855 | AW27: =SUM(AW24:AW26) -> 1870214 | AX27: =SUM(AX24:AX26) -> 51359 | AY27: =IF(AX27=0,0,IF(AV27=0,1,AX27/AV27)) -> 0.028236995 | AZ27: =+SUM(AZ24:AZ26) -> 334098 | BA27: =+SUM(BA24:BA26) -> 326841 | BB27: =SUM(BB24:BB26) -> -7257 | BC27: =IF(BB27=0,0,IF(AZ27=0,1,BB27/AZ27)) -> -0.021721172 | BD27: =SUM(BD24:BD26) -> 2152953 | BE27: =SUM(BE24:BE26) -> 2197055 | BF27: =SUM(BF24:BF26) -> 44102 | BG27: =IF(BF27=0,0,IF(BD27=0,1,BF27/BD27)) -> 0.020484423 | BH27: =+SUM(BH24:BH26) -> 343114 | BI27: =+SUM(BI24:BI26) -> 282880 | BJ27: =SUM(BJ24:BJ26) -> -60234 | BK27: =IF(BJ27=0,0,IF(BH27=0,1,BJ27/BH27)) -> -0.17555098 | BL27: =SUM(BL24:BL26) -> 2496067 | BM27: =SUM(BM24:BM26) -> 2479935 | BN27: =SUM(BN24:BN26) -> -16132 | BO27: =IF(BN27=0,0,IF(BL27=0,1,BN27/BL27)) -> -0.0064629675 | BP27: =+SUM(BP24:BP26) -> 325304 | BQ27: =+SUM(BQ24:BQ26) -> 0 | BR27: =SUM(BR24:BR26) -> -325304 | BS27: =IF(BR27=0,0,IF(BP27=0,1,BR27/BP27)) -> -1 | BT27: =SUM(BT24:BT26) -> 2821371 | BU27: =SUM(BU24:BU26) -> 2479935 | BV27: =SUM(BV24:BV26) -> -341436 | BW27: =IF(BV27=0,0,IF(BT27=0,1,BV27/BT27)) -> -0.12101776 | BX27: =+SUM(BX24:BX26) -> 343826 | BY27: =+SUM(BY24:BY26) -> 0 | BZ27: =SUM(BZ24:BZ26) -> -343826 | CA27: =IF(BZ27=0,0,IF(BX27=0,1,BZ27/BX27)) -> -1 | CB27: =SUM(CB24:CB26) -> 3165197 | CC27: =SUM(CC24:CC26) -> 2479935 | CD27: =SUM(CD24:CD26) -> -685262 | CE27: =IF(CD27=0,0,IF(CB27=0,1,CD27/CB27)) -> -0.216499 | CF27: =+SUM(CF24:CF26) -> 305082 | CG27: =+SUM(CG24:CG26) -> 0 | CH27: =SUM(CH24:CH26) -> -305082 | CI27: =IF(CH27=0,0,IF(CF27=0,1,CH27/CF27)) -> -1 | CJ27: =SUM(CJ24:CJ26) -> 3470279 | CK27: =SUM(CK24:CK26) -> 2479935 | CL27: =SUM(CL24:CL26) -> -990344 | CM27: =IF(CL27=0,0,IF(CJ27=0,1,CL27/CJ27)) -> -0.28537878 | CN27: =+SUM(CN24:CN26) -> 303003 | CO27: =+SUM(CO24:CO26) -> 0 | CP27: =SUM(CP24:CP26) -> -303003 | CQ27: =IF(CP27=0,0,IF(CN27=0,1,CP27/CN27)) -> -1 | CR27: =SUM(CR24:CR26) -> 3773282 | CS27: =SUM(CS24:CS26) -> 2479935 | CT27: =SUM(CT24:CT26) -> -1293347 | CU27: =IF(CT27=0,0,IF(CR27=0,1,CT27/CR27)) -> -0.34276447 | CY27: Total | DA27: =SUM(DA24:DA26) -> 307406 | DB27: =SUM(DB24:DB26) -> 276295 | DC27: =SUM(DC24:DC26) -> 320571 | DD27: =SUM(DD24:DD26) -> 305910 | DE27: =SUM(DE24:DE26) -> 301910 | DF27: =SUM(DF24:DF26) -> 306763 | DG27: =SUM(DG24:DG26) -> 334098 | DH27: =SUM(DH24:DH26) -> 343114 | ... DL27: =SUM(DL24:DL26) -> 303003 | DO27: =SUM(DO24:DO26) -> 290951 | DP27: =SUM(DP24:DP26) -> 293401 | DQ27: =SUM(DQ24:DQ26) -> 331710 | DR27: =SUM(DR24:DR26) -> 324600 | DS27: =SUM(DS24:DS26) -> 307181 | DT27: =SUM(DT24:DT26) -> 322371 | DU27: =SUM(DU24:DU26) -> 326841 | DV27: =SUM(DV24:DV26) -> 282880 | ... DZ27: =SUM(DZ24:DZ26) -> 0 | EB27: =SUM(DA27) -> 307406 | EC27: =SUM($DA27:DB27) -> 583701 | ED27: =SUM($DA27:DC27) -> 904272 | EE27: =SUM($DA27:DD27) -> 1210182 | EF27: =SUM($DA27:DE27) -> 1512092 | EG27: =SUM($DA27:DF27) -> 1818855 | EH27: =SUM($DA27:DG27) -> 2152953 | EI27: =SUM($DA27:DH27) -> 2496067 | EJ27: =SUM($DA27:DI27) -> 2821371 | ... EM27: =SUM($DA27:DL27) -> 3773282 | EQ27: =SUM($DO27:DO27) -> 290951 | ER27: =SUM($DO27:DP27) -> 584352 | ES27: =SUM($DO27:DQ27) -> 916062 | ET27: =SUM($DO27:DR27) -> 1240662 | EU27: =SUM($DO27:DS27) -> 1547843 | EV27: =SUM($DO27:DT27) -> 1870214 | EW27: =SUM($DO27:DU27) -> 2197055 | EX27: =SUM($DO27:DV27) -> 2479935 | ... FB27: =SUM($DO27:DZ27) -> 2479935 | FD27: =SUMIFS($DA27:$DZ27,$DA$8:$DZ$8,FD$7,$DA$7:$DZ$7,FD$8) -> 343114 | FE27: =SUMIFS($DA27:$DZ27,$DA$8:$DZ$8,FE$7,$DA$7:$DZ$7,FE$8) -> 282880 | FF27: =+FE27-FD27 -> -60234 | FG27: =IFERROR(FF27/FD27,1) -> -0.17555098 | FI27: =SUMIFS($EB27:$FB27,$EB$8:$FB$8,FI$7,$EB$7:$FB$7,FI$8) -> 2496067 | FJ27: =SUMIFS($EB27:$FB27,$EB$8:$FB$8,FJ$7,$EB$7:$FB$7,FJ$8) -> 2479935 | FK27: =+FJ27-FI27 -> -16132 | FL27: =IFERROR(FK27/FI27,1) -> -0.0064629675
B29: GHIB | C29: Passenger Cars | D29: =+DA29 -> 0 | E29: =OFFSET(DA29,0,14,1,1) -> 0 | F29: =SUM(E29-D29) -> 0 | G29: =IF(F29=0,0,IF(D29=0,1,F29/D29)) -> 0 | H29: =SUMIF($D$6:G$6,H$5,$D29:G29) -> 0 | I29: =SUMIF($D$6:H$6,I$5,$D29:H29) -> 0 | J29: =SUM(I29-H29) -> 0 | K29: =IF(J29=0,0,IF(H29=0,1,J29/H29)) -> 0 | L29: =+DB29 -> 0 | M29: =OFFSET(DB29,0,14,1,1) -> 0 | N29: =SUM(M29-L29) -> 0 | O29: =IF(N29=0,0,IF(L29=0,1,N29/L29)) -> 0 | P29: =SUMIF($D$6:O$6,P$5,$D29:O29) -> 0 | Q29: =SUMIF($D$6:P$6,Q$5,$D29:P29) -> 0 | R29: =SUM(Q29-P29) -> 0 | S29: =IF(R29=0,0,IF(P29=0,1,R29/P29)) -> 0 | T29: =+DC29 -> 0 | U29: =OFFSET(DC29,0,14,1,1) -> 0 | V29: =SUM(U29-T29) -> 0 | W29: =IF(V29=0,0,IF(T29=0,1,V29/T29)) -> 0 | X29: =SUMIF($D$6:W$6,X$5,$D29:W29) -> 0 | Y29: =SUMIF($D$6:X$6,Y$5,$D29:X29) -> 0 | Z29: =SUM(Y29-X29) -> 0 | AA29: =IF(Z29=0,0,IF(X29=0,1,Z29/X29)) -> 0 | AB29: =+DD29 -> 0 | AC29: =OFFSET(DD29,0,14,1,1) -> 0 | AD29: =SUM(AC29-AB29) -> 0 | AE29: =IF(AD29=0,0,IF(AB29=0,1,AD29/AB29)) -> 0 | AF29: =SUMIF($D$6:AE$6,AF$5,$D29:AE29) -> 0 | AG29: =SUMIF($D$6:AF$6,AG$5,$D29:AF29) -> 0 | AH29: =SUM(AG29-AF29) -> 0 | AI29: =IF(AH29=0,0,IF(AF29=0,1,AH29/AF29)) -> 0 | AJ29: =+DE29 -> 0 | AK29: =OFFSET(DE29,0,14,1,1) -> 0 | AL29: =SUM(AK29-AJ29) -> 0 | AM29: =IF(AL29=0,0,IF(AJ29=0,1,AL29/AJ29)) -> 0 | AN29: =SUMIF($D$6:AM$6,AN$5,$D29:AM29) -> 0 | AO29: =SUMIF($D$6:AN$6,AO$5,$D29:AN29) -> 0 | AP29: =SUM(AO29-AN29) -> 0 | AQ29: =IF(AP29=0,0,IF(AN29=0,1,AP29/AN29)) -> 0 | AR29: =+DF29 -> 0 | AS29: =OFFSET(DF29,0,14,1,1) -> 0 | AT29: =SUM(AS29-AR29) -> 0 | AU29: =IF(AT29=0,0,IF(AR29=0,1,AT29/AR29)) -> 0 | AV29: =SUMIF($D$6:AU$6,AV$5,$D29:AU29) -> 0 | AW29: =SUMIF($D$6:AV$6,AW$5,$D29:AV29) -> 0 | AX29: =SUM(AW29-AV29) -> 0 | AY29: =IF(AX29=0,0,IF(AV29=0,1,AX29/AV29)) -> 0 | AZ29: =+DG29 -> 0 | BA29: =OFFSET(DG29,0,14,1,1) -> 43951 | BB29: =SUM(BA29-AZ29) -> 43951 | BC29: =IF(BB29=0,0,IF(AZ29=0,1,BB29/AZ29)) -> 1 | BD29: =SUMIF($D$6:BC$6,BD$5,$D29:BC29) -> 0 | BE29: =SUMIF($D$6:BD$6,BE$5,$D29:BD29) -> 43951 | BF29: =SUM(BE29-BD29) -> 43951 | BG29: =IF(BF29=0,0,IF(BD29=0,1,BF29/BD29)) -> 1 | BH29: =+DH29 -> 0 | BI29: =OFFSET(DH29,0,14,1,1) -> 269716 | BJ29: =SUM(BI29-BH29) -> 269716 | BK29: =IF(BJ29=0,0,IF(BH29=0,1,BJ29/BH29)) -> 1 | BL29: =SUMIF($D$6:BK$6,BL$5,$D29:BK29) -> 0 | BM29: =SUMIF($D$6:BL$6,BM$5,$D29:BL29) -> 313667 | BN29: =SUM(BM29-BL29) -> 313667 | BO29: =IF(BN29=0,0,IF(BL29=0,1,BN29/BL29)) -> 1 | BP29: =+DI29 -> 0 | BQ29: =OFFSET(DI29,0,14,1,1) -> 0 | BR29: =SUM(BQ29-BP29) -> 0 | BS29: =IF(BR29=0,0,IF(BP29=0,1,BR29/BP29)) -> 0 | BT29: =SUMIF($D$6:BS$6,BT$5,$D29:BS29) -> 0 | BU29: =SUMIF($D$6:BT$6,BU$5,$D29:BT29) -> 313667 | BV29: =SUM(BU29-BT29) -> 313667 | BW29: =IF(BV29=0,0,IF(BT29=0,1,BV29/BT29)) -> 1 | BX29: =+DJ29 -> 0 | BY29: =OFFSET(DJ29,0,14,1,1) -> 0 | BZ29: =SUM(BY29-BX29) -> 0 | CA29: =IF(BZ29=0,0,IF(BX29=0,1,BZ29/BX29)) -> 0 | CB29: =SUMIF($D$6:CA$6,CB$5,$D29:CA29) -> 0 | CC29: =SUMIF($D$6:CB$6,CC$5,$D29:CB29) -> 313667 | CD29: =SUM(CC29-CB29) -> 313667 | CE29: =IF(CD29=0,0,IF(CB29=0,1,CD29/CB29)) -> 1 | CF29: =+DK29 -> 0 | CG29: =OFFSET(DK29,0,14,1,1) -> 0 | CH29: =SUM(CG29-CF29) -> 0 | CI29: =IF(CH29=0,0,IF(CF29=0,1,CH29/CF29)) -> 0 | CJ29: =SUMIF($D$6:CI$6,CJ$5,$D29:CI29) -> 0 | CK29: =SUMIF($D$6:CJ$6,CK$5,$D29:CJ29) -> 313667 | CL29: =SUM(CK29-CJ29) -> 313667 | CM29: =IF(CL29=0,0,IF(CJ29=0,1,CL29/CJ29)) -> 1 | CN29: =+DL29 -> 0 | CO29: =OFFSET(DL29,0,14,1,1) -> 0 | CP29: =SUM(CO29-CN29) -> 0 | CQ29: =IF(CP29=0,0,IF(CN29=0,1,CP29/CN29)) -> 0 | CR29: =SUMIF($D$6:CQ$6,CR$5,$D29:CQ29) -> 0 | CS29: =SUMIF($D$6:CR$6,CS$5,$D29:CR29) -> 313667 | CT29: =SUM(CS29-CR29) -> 313667 | CU29: =IF(CT29=0,0,IF(CR29=0,1,CT29/CR29)) -> 1 | CX29: Gordie Howe International Bridge | CY29: Passenger Cars | DA29: =SUMIF(GHIB!$A$118:$A$138,Traffic!DA$7,GHIB!E$118:E$138) -> 0 | DB29: =SUMIF(GHIB!$A$118:$A$138,Traffic!DB$7,GHIB!F$118:F$138) -> 0 | DC29: =SUMIF(GHIB!$A$118:$A$138,Traffic!DC$7,GHIB!G$118:G$138) -> 0 | DD29: =SUMIF(GHIB!$A$118:$A$138,Traffic!DD$7,GHIB!H$118:H$138) -> 0 | DE29: =SUMIF(GHIB!$A$118:$A$138,Traffic!DE$7,GHIB!I$118:I$138) -> 0 | DF29: =SUMIF(GHIB!$A$118:$A$138,Traffic!DF$7,GHIB!J$118:J$138) -> 0 | DG29: =SUMIF(GHIB!$A$118:$A$138,Traffic!DG$7,GHIB!K$118:K$138) -> 0 | DH29: =SUMIF(GHIB!$A$118:$A$138,Traffic!DH$7,GHIB!L$118:L$138) -> 0 | ... DL29: =SUMIF(GHIB!$A$118:$A$138,Traffic!DL$7,GHIB!P$118:P$138) -> 0 | DO29: =SUMIF(GHIB!$A$118:$A$138,Traffic!DO$7,GHIB!E$118:E$138) -> 0 | DP29: =SUMIF(GHIB!$A$118:$A$138,Traffic!DP$7,GHIB!F$118:F$138) -> 0 | DQ29: =SUMIF(GHIB!$A$118:$A$138,Traffic!DQ$7,GHIB!G$118:G$138) -> 0 | DR29: =SUMIF(GHIB!$A$118:$A$138,Traffic!DR$7,GHIB!H$118:H$138) -> 0 | DS29: =SUMIF(GHIB!$A$118:$A$138,Traffic!DS$7,GHIB!I$118:I$138) -> 0 | DT29: =SUMIF(GHIB!$A$118:$A$138,Traffic!DT$7,GHIB!J$118:J$138) -> 0 | DU29: =SUMIF(GHIB!$A$118:$A$138,Traffic!DU$7,GHIB!K$118:K$138) -> 43951 | DV29: =SUMIF(GHIB!$A$118:$A$138,Traffic!DV$7,GHIB!L$118:L$138) -> 269716 | ... DZ29: =SUMIF(GHIB!$A$118:$A$138,Traffic!DZ$7,GHIB!P$118:P$138) -> 0 | EB29: =SUM(DA29) -> 0 | EC29: =SUM($DA29:DB29) -> 0 | ED29: =SUM($DA29:DC29) -> 0 | EE29: =SUM($DA29:DD29) -> 0 | EF29: =SUM($DA29:DE29) -> 0 | EG29: =SUM($DA29:DF29) -> 0 | EH29: =SUM($DA29:DG29) -> 0 | EI29: =SUM($DA29:DH29) -> 0 | EJ29: =SUM($DA29:DI29) -> 0 | ... EM29: =SUM($DA29:DL29) -> 0 | EQ29: =SUM($DO29:DO29) -> 0 | ER29: =SUM($DO29:DP29) -> 0 | ES29: =SUM($DO29:DQ29) -> 0 | ET29: =SUM($DO29:DR29) -> 0 | EU29: =SUM($DO29:DS29) -> 0 | EV29: =SUM($DO29:DT29) -> 0 | EW29: =SUM($DO29:DU29) -> 43951 | EX29: =SUM($DO29:DV29) -> 313667 | ... FB29: =SUM($DO29:DZ29) -> 313667 | FD29: =SUMIFS($DA29:$DZ29,$DA$8:$DZ$8,FD$7,$DA$7:$DZ$7,FD$8) -> 0 | FE29: =SUMIFS($DA29:$DZ29,$DA$8:$DZ$8,FE$7,$DA$7:$DZ$7,FE$8) -> 269716 | FF29: =+FE29-FD29 -> 269716 | FG29: =IFERROR(FF29/FD29,1) -> 1 | FI29: =SUMIFS($EB29:$FB29,$EB$8:$FB$8,FI$7,$EB$7:$FB$7,FI$8) -> 0 | FJ29: =SUMIFS($EB29:$FB29,$EB$8:$FB$8,FJ$7,$EB$7:$FB$7,FJ$8) -> 313667 | FK29: =+FJ29-FI29 -> 313667 | FL29: =IFERROR(FK29/FI29,1) -> 1
A30: =+CX31 -> Gordie Howe International Bridge | B30: GHIB | C30: Trucks | D30: =+DA30 -> 0 | E30: =OFFSET(DA30,0,14,1,1) -> 0 | F30: =SUM(E30-D30) -> 0 | G30: =IF(F30=0,0,IF(D30=0,1,F30/D30)) -> 0 | H30: =SUMIF($D$6:G$6,H$5,$D30:G30) -> 0 | I30: =SUMIF($D$6:H$6,I$5,$D30:H30) -> 0 | J30: =SUM(I30-H30) -> 0 | K30: =IF(J30=0,0,IF(H30=0,1,J30/H30)) -> 0 | L30: =+DB30 -> 0 | M30: =OFFSET(DB30,0,14,1,1) -> 0 | N30: =SUM(M30-L30) -> 0 | O30: =IF(N30=0,0,IF(L30=0,1,N30/L30)) -> 0 | P30: =SUMIF($D$6:O$6,P$5,$D30:O30) -> 0 | Q30: =SUMIF($D$6:P$6,Q$5,$D30:P30) -> 0 | R30: =SUM(Q30-P30) -> 0 | S30: =IF(R30=0,0,IF(P30=0,1,R30/P30)) -> 0 | T30: =+DC30 -> 0 | U30: =OFFSET(DC30,0,14,1,1) -> 0 | V30: =SUM(U30-T30) -> 0 | W30: =IF(V30=0,0,IF(T30=0,1,V30/T30)) -> 0 | X30: =SUMIF($D$6:W$6,X$5,$D30:W30) -> 0 | Y30: =SUMIF($D$6:X$6,Y$5,$D30:X30) -> 0 | Z30: =SUM(Y30-X30) -> 0 | AA30: =IF(Z30=0,0,IF(X30=0,1,Z30/X30)) -> 0 | AB30: =+DD30 -> 0 | AC30: =OFFSET(DD30,0,14,1,1) -> 0 | AD30: =SUM(AC30-AB30) -> 0 | AE30: =IF(AD30=0,0,IF(AB30=0,1,AD30/AB30)) -> 0 | AF30: =SUMIF($D$6:AE$6,AF$5,$D30:AE30) -> 0 | AG30: =SUMIF($D$6:AF$6,AG$5,$D30:AF30) -> 0 | AH30: =SUM(AG30-AF30) -> 0 | AI30: =IF(AH30=0,0,IF(AF30=0,1,AH30/AF30)) -> 0 | AJ30: =+DE30 -> 0 | AK30: =OFFSET(DE30,0,14,1,1) -> 0 | AL30: =SUM(AK30-AJ30) -> 0 | AM30: =IF(AL30=0,0,IF(AJ30=0,1,AL30/AJ30)) -> 0 | AN30: =SUMIF($D$6:AM$6,AN$5,$D30:AM30) -> 0 | AO30: =SUMIF($D$6:AN$6,AO$5,$D30:AN30) -> 0 | AP30: =SUM(AO30-AN30) -> 0 | AQ30: =IF(AP30=0,0,IF(AN30=0,1,AP30/AN30)) -> 0 | AR30: =+DF30 -> 0 | AS30: =OFFSET(DF30,0,14,1,1) -> 0 | AT30: =SUM(AS30-AR30) -> 0 | AU30: =IF(AT30=0,0,IF(AR30=0,1,AT30/AR30)) -> 0 | AV30: =SUMIF($D$6:AU$6,AV$5,$D30:AU30) -> 0 | AW30: =SUMIF($D$6:AV$6,AW$5,$D30:AV30) -> 0 | AX30: =SUM(AW30-AV30) -> 0 | AY30: =IF(AX30=0,0,IF(AV30=0,1,AX30/AV30)) -> 0 | AZ30: =+DG30 -> 0 | BA30: =OFFSET(DG30,0,14,1,1) -> 8202 | BB30: =SUM(BA30-AZ30) -> 8202 | BC30: =IF(BB30=0,0,IF(AZ30=0,1,BB30/AZ30)) -> 1 | BD30: =SUMIF($D$6:BC$6,BD$5,$D30:BC30) -> 0 | BE30: =SUMIF($D$6:BD$6,BE$5,$D30:BD30) -> 8202 | BF30: =SUM(BE30-BD30) -> 8202 | BG30: =IF(BF30=0,0,IF(BD30=0,1,BF30/BD30)) -> 1 | BH30: =+DH30 -> 0 | BI30: =OFFSET(DH30,0,14,1,1) -> 73791 | BJ30: =SUM(BI30-BH30) -> 73791 | BK30: =IF(BJ30=0,0,IF(BH30=0,1,BJ30/BH30)) -> 1 | BL30: =SUMIF($D$6:BK$6,BL$5,$D30:BK30) -> 0 | BM30: =SUMIF($D$6:BL$6,BM$5,$D30:BL30) -> 81993 | BN30: =SUM(BM30-BL30) -> 81993 | BO30: =IF(BN30=0,0,IF(BL30=0,1,BN30/BL30)) -> 1 | BP30: =+DI30 -> 0 | BQ30: =OFFSET(DI30,0,14,1,1) -> 0 | BR30: =SUM(BQ30-BP30) -> 0 | BS30: =IF(BR30=0,0,IF(BP30=0,1,BR30/BP30)) -> 0 | BT30: =SUMIF($D$6:BS$6,BT$5,$D30:BS30) -> 0 | BU30: =SUMIF($D$6:BT$6,BU$5,$D30:BT30) -> 81993 | BV30: =SUM(BU30-BT30) -> 81993 | BW30: =IF(BV30=0,0,IF(BT30=0,1,BV30/BT30)) -> 1 | BX30: =+DJ30 -> 0 | BY30: =OFFSET(DJ30,0,14,1,1) -> 0 | BZ30: =SUM(BY30-BX30) -> 0 | CA30: =IF(BZ30=0,0,IF(BX30=0,1,BZ30/BX30)) -> 0 | CB30: =SUMIF($D$6:CA$6,CB$5,$D30:CA30) -> 0 | CC30: =SUMIF($D$6:CB$6,CC$5,$D30:CB30) -> 81993 | CD30: =SUM(CC30-CB30) -> 81993 | CE30: =IF(CD30=0,0,IF(CB30=0,1,CD30/CB30)) -> 1 | CF30: =+DK30 -> 0 | CG30: =OFFSET(DK30,0,14,1,1) -> 0 | CH30: =SUM(CG30-CF30) -> 0 | CI30: =IF(CH30=0,0,IF(CF30=0,1,CH30/CF30)) -> 0 | CJ30: =SUMIF($D$6:CI$6,CJ$5,$D30:CI30) -> 0 | CK30: =SUMIF($D$6:CJ$6,CK$5,$D30:CJ30) -> 81993 | CL30: =SUM(CK30-CJ30) -> 81993 | CM30: =IF(CL30=0,0,IF(CJ30=0,1,CL30/CJ30)) -> 1 | CN30: =+DL30 -> 0 | CO30: =OFFSET(DL30,0,14,1,1) -> 0 | CP30: =SUM(CO30-CN30) -> 0 | CQ30: =IF(CP30=0,0,IF(CN30=0,1,CP30/CN30)) -> 0 | CR30: =SUMIF($D$6:CQ$6,CR$5,$D30:CQ30) -> 0 | CS30: =SUMIF($D$6:CR$6,CS$5,$D30:CR30) -> 81993 | CT30: =SUM(CS30-CR30) -> 81993 | CU30: =IF(CT30=0,0,IF(CR30=0,1,CT30/CR30)) -> 1 | CX30: Gordie Howe International Bridge | CY30: Trucks | DA30: =SUMIF(GHIB!$A$141:$A$161,Traffic!DA$7,GHIB!E$141:E$161) -> 0 | DB30: =SUMIF(GHIB!$A$141:$A$161,Traffic!DB$7,GHIB!F$141:F$161) -> 0 | DC30: =SUMIF(GHIB!$A$141:$A$161,Traffic!DC$7,GHIB!G$141:G$161) -> 0 | DD30: =SUMIF(GHIB!$A$141:$A$161,Traffic!DD$7,GHIB!H$141:H$161) -> 0 | DE30: =SUMIF(GHIB!$A$141:$A$161,Traffic!DE$7,GHIB!I$141:I$161) -> 0 | DF30: =SUMIF(GHIB!$A$141:$A$161,Traffic!DF$7,GHIB!J$141:J$161) -> 0 | DG30: =SUMIF(GHIB!$A$141:$A$161,Traffic!DG$7,GHIB!K$141:K$161) -> 0 | DH30: =SUMIF(GHIB!$A$141:$A$161,Traffic!DH$7,GHIB!L$141:L$161) -> 0 | ... DL30: =SUMIF(GHIB!$A$141:$A$161,Traffic!DL$7,GHIB!P$141:P$161) -> 0 | DO30: =SUMIF(GHIB!$A$141:$A$161,Traffic!DO$7,GHIB!E$141:E$161) -> 0 | DP30: =SUMIF(GHIB!$A$141:$A$161,Traffic!DP$7,GHIB!F$141:F$161) -> 0 | DQ30: =SUMIF(GHIB!$A$141:$A$161,Traffic!DQ$7,GHIB!G$141:G$161) -> 0 | DR30: =SUMIF(GHIB!$A$141:$A$161,Traffic!DR$7,GHIB!H$141:H$161) -> 0 | DS30: =SUMIF(GHIB!$A$141:$A$161,Traffic!DS$7,GHIB!I$141:I$161) -> 0 | DT30: =SUMIF(GHIB!$A$141:$A$161,Traffic!DT$7,GHIB!J$141:J$161) -> 0 | DU30: =SUMIF(GHIB!$A$141:$A$161,Traffic!DU$7,GHIB!K$141:K$161) -> 8202 | DV30: =SUMIF(GHIB!$A$141:$A$161,Traffic!DV$7,GHIB!L$141:L$161) -> 73791 | ... DZ30: =SUMIF(GHIB!$A$141:$A$161,Traffic!DZ$7,GHIB!P$141:P$161) -> 0 | EB30: =SUM(DA30) -> 0 | EC30: =SUM($DA30:DB30) -> 0 | ED30: =SUM($DA30:DC30) -> 0 | EE30: =SUM($DA30:DD30) -> 0 | EF30: =SUM($DA30:DE30) -> 0 | EG30: =SUM($DA30:DF30) -> 0 | EH30: =SUM($DA30:DG30) -> 0 | EI30: =SUM($DA30:DH30) -> 0 | EJ30: =SUM($DA30:DI30) -> 0 | ... EM30: =SUM($DA30:DL30) -> 0 | EQ30: =SUM($DO30:DO30) -> 0 | ER30: =SUM($DO30:DP30) -> 0 | ES30: =SUM($DO30:DQ30) -> 0 | ET30: =SUM($DO30:DR30) -> 0 | EU30: =SUM($DO30:DS30) -> 0 | EV30: =SUM($DO30:DT30) -> 0 | EW30: =SUM($DO30:DU30) -> 8202 | EX30: =SUM($DO30:DV30) -> 81993 | ... FB30: =SUM($DO30:DZ30) -> 81993 | FD30: =SUMIFS($DA30:$DZ30,$DA$8:$DZ$8,FD$7,$DA$7:$DZ$7,FD$8) -> 0 | FE30: =SUMIFS($DA30:$DZ30,$DA$8:$DZ$8,FE$7,$DA$7:$DZ$7,FE$8) -> 73791 | FF30: =+FE30-FD30 -> 73791 | FG30: =IFERROR(FF30/FD30,1) -> 1 | FI30: =SUMIFS($EB30:$FB30,$EB$8:$FB$8,FI$7,$EB$7:$FB$7,FI$8) -> 0 | FJ30: =SUMIFS($EB30:$FB30,$EB$8:$FB$8,FJ$7,$EB$7:$FB$7,FJ$8) -> 81993 | FK30: =+FJ30-FI30 -> 81993 | FL30: =IFERROR(FK30/FI30,1) -> 1
B31: GHIB | C31: Buses & Misc. | D31: =+DA31 -> 0 | E31: =OFFSET(DA31,0,14,1,1) -> 0 | F31: =SUM(E31-D31) -> 0 | G31: =IF(F31=0,0,IF(D31=0,1,F31/D31)) -> 0 | H31: =SUMIF($D$6:G$6,H$5,$D31:G31) -> 0 | I31: =SUMIF($D$6:H$6,I$5,$D31:H31) -> 0 | J31: =SUM(I31-H31) -> 0 | K31: =IF(J31=0,0,IF(H31=0,1,J31/H31)) -> 0 | L31: =+DB31 -> 0 | M31: =OFFSET(DB31,0,14,1,1) -> 0 | N31: =SUM(M31-L31) -> 0 | O31: =IF(N31=0,0,IF(L31=0,1,N31/L31)) -> 0 | P31: =SUMIF($D$6:O$6,P$5,$D31:O31) -> 0 | Q31: =SUMIF($D$6:P$6,Q$5,$D31:P31) -> 0 | R31: =SUM(Q31-P31) -> 0 | S31: =IF(R31=0,0,IF(P31=0,1,R31/P31)) -> 0 | T31: =+DC31 -> 0 | U31: =OFFSET(DC31,0,14,1,1) -> 0 | V31: =SUM(U31-T31) -> 0 | W31: =IF(V31=0,0,IF(T31=0,1,V31/T31)) -> 0 | X31: =SUMIF($D$6:W$6,X$5,$D31:W31) -> 0 | Y31: =SUMIF($D$6:X$6,Y$5,$D31:X31) -> 0 | Z31: =SUM(Y31-X31) -> 0 | AA31: =IF(Z31=0,0,IF(X31=0,1,Z31/X31)) -> 0 | AB31: =+DD31 -> 0 | AC31: =OFFSET(DD31,0,14,1,1) -> 0 | AD31: =SUM(AC31-AB31) -> 0 | AE31: =IF(AD31=0,0,IF(AB31=0,1,AD31/AB31)) -> 0 | AF31: =SUMIF($D$6:AE$6,AF$5,$D31:AE31) -> 0 | AG31: =SUMIF($D$6:AF$6,AG$5,$D31:AF31) -> 0 | AH31: =SUM(AG31-AF31) -> 0 | AI31: =IF(AH31=0,0,IF(AF31=0,1,AH31/AF31)) -> 0 | AJ31: =+DE31 -> 0 | AK31: =OFFSET(DE31,0,14,1,1) -> 0 | AL31: =SUM(AK31-AJ31) -> 0 | AM31: =IF(AL31=0,0,IF(AJ31=0,1,AL31/AJ31)) -> 0 | AN31: =SUMIF($D$6:AM$6,AN$5,$D31:AM31) -> 0 | AO31: =SUMIF($D$6:AN$6,AO$5,$D31:AN31) -> 0 | AP31: =SUM(AO31-AN31) -> 0 | AQ31: =IF(AP31=0,0,IF(AN31=0,1,AP31/AN31)) -> 0 | AR31: =+DF31 -> 0 | AS31: =OFFSET(DF31,0,14,1,1) -> 0 | AT31: =SUM(AS31-AR31) -> 0 | AU31: =IF(AT31=0,0,IF(AR31=0,1,AT31/AR31)) -> 0 | AV31: =SUMIF($D$6:AU$6,AV$5,$D31:AU31) -> 0 | AW31: =SUMIF($D$6:AV$6,AW$5,$D31:AV31) -> 0 | AX31: =SUM(AW31-AV31) -> 0 | AY31: =IF(AX31=0,0,IF(AV31=0,1,AX31/AV31)) -> 0 | AZ31: =+DG31 -> 0 | BA31: =OFFSET(DG31,0,14,1,1) -> 0 | BB31: =SUM(BA31-AZ31) -> 0 | BC31: =IF(BB31=0,0,IF(AZ31=0,1,BB31/AZ31)) -> 0 | BD31: =SUMIF($D$6:BC$6,BD$5,$D31:BC31) -> 0 | BE31: =SUMIF($D$6:BD$6,BE$5,$D31:BD31) -> 0 | BF31: =SUM(BE31-BD31) -> 0 | BG31: =IF(BF31=0,0,IF(BD31=0,1,BF31/BD31)) -> 0 | BH31: =+DH31 -> 0 | BI31: =OFFSET(DH31,0,14,1,1) -> 0 | BJ31: =SUM(BI31-BH31) -> 0 | BK31: =IF(BJ31=0,0,IF(BH31=0,1,BJ31/BH31)) -> 0 | BL31: =SUMIF($D$6:BK$6,BL$5,$D31:BK31) -> 0 | BM31: =SUMIF($D$6:BL$6,BM$5,$D31:BL31) -> 0 | BN31: =SUM(BM31-BL31) -> 0 | BO31: =IF(BN31=0,0,IF(BL31=0,1,BN31/BL31)) -> 0 | BP31: =+DI31 -> 0 | BQ31: =OFFSET(DI31,0,14,1,1) -> 0 | BR31: =SUM(BQ31-BP31) -> 0 | BS31: =IF(BR31=0,0,IF(BP31=0,1,BR31/BP31)) -> 0 | BT31: =SUMIF($D$6:BS$6,BT$5,$D31:BS31) -> 0 | BU31: =SUMIF($D$6:BT$6,BU$5,$D31:BT31) -> 0 | BV31: =SUM(BU31-BT31) -> 0 | BW31: =IF(BV31=0,0,IF(BT31=0,1,BV31/BT31)) -> 0 | BX31: =+DJ31 -> 0 | BY31: =OFFSET(DJ31,0,14,1,1) -> 0 | BZ31: =SUM(BY31-BX31) -> 0 | CA31: =IF(BZ31=0,0,IF(BX31=0,1,BZ31/BX31)) -> 0 | CB31: =SUMIF($D$6:CA$6,CB$5,$D31:CA31) -> 0 | CC31: =SUMIF($D$6:CB$6,CC$5,$D31:CB31) -> 0 | CD31: =SUM(CC31-CB31) -> 0 | CE31: =IF(CD31=0,0,IF(CB31=0,1,CD31/CB31)) -> 0 | CF31: =+DK31 -> 0 | CG31: =OFFSET(DK31,0,14,1,1) -> 0 | CH31: =SUM(CG31-CF31) -> 0 | CI31: =IF(CH31=0,0,IF(CF31=0,1,CH31/CF31)) -> 0 | CJ31: =SUMIF($D$6:CI$6,CJ$5,$D31:CI31) -> 0 | CK31: =SUMIF($D$6:CJ$6,CK$5,$D31:CJ31) -> 0 | CL31: =SUM(CK31-CJ31) -> 0 | CM31: =IF(CL31=0,0,IF(CJ31=0,1,CL31/CJ31)) -> 0 | CN31: =+DL31 -> 0 | CO31: =OFFSET(DL31,0,14,1,1) -> 0 | CP31: =SUM(CO31-CN31) -> 0 | CQ31: =IF(CP31=0,0,IF(CN31=0,1,CP31/CN31)) -> 0 | CR31: =SUMIF($D$6:CQ$6,CR$5,$D31:CQ31) -> 0 | CS31: =SUMIF($D$6:CR$6,CS$5,$D31:CR31) -> 0 | CT31: =SUM(CS31-CR31) -> 0 | CU31: =IF(CT31=0,0,IF(CR31=0,1,CT31/CR31)) -> 0 | CX31: Gordie Howe International Bridge | CY31: Buses & Misc. | DA31: =SUMIF(GHIB!$A$164:$A$184,Traffic!DA$7,GHIB!E$164:E$184) -> 0 | DB31: =SUMIF(GHIB!$A$164:$A$184,Traffic!DB$7,GHIB!F$164:F$184) -> 0 | DC31: =SUMIF(GHIB!$A$164:$A$184,Traffic!DC$7,GHIB!G$164:G$184) -> 0 | DD31: =SUMIF(GHIB!$A$164:$A$184,Traffic!DD$7,GHIB!H$164:H$184) -> 0 | DE31: =SUMIF(GHIB!$A$164:$A$184,Traffic!DE$7,GHIB!I$164:I$184) -> 0 | DF31: =SUMIF(GHIB!$A$164:$A$184,Traffic!DF$7,GHIB!J$164:J$184) -> 0 | DG31: =SUMIF(GHIB!$A$164:$A$184,Traffic!DG$7,GHIB!K$164:K$184) -> 0 | DH31: =SUMIF(GHIB!$A$164:$A$184,Traffic!DH$7,GHIB!L$164:L$184) -> 0 | ... DL31: =SUMIF(GHIB!$A$164:$A$184,Traffic!DL$7,GHIB!P$164:P$184) -> 0 | DO31: =SUMIF(GHIB!$A$164:$A$184,Traffic!DO$7,GHIB!E$164:E$184) -> 0 | DP31: =SUMIF(GHIB!$A$164:$A$184,Traffic!DP$7,GHIB!F$164:F$184) -> 0 | DQ31: =SUMIF(GHIB!$A$164:$A$184,Traffic!DQ$7,GHIB!G$164:G$184) -> 0 | DR31: =SUMIF(GHIB!$A$164:$A$184,Traffic!DR$7,GHIB!H$164:H$184) -> 0 | DS31: =SUMIF(GHIB!$A$164:$A$184,Traffic!DS$7,GHIB!I$164:I$184) -> 0 | DT31: =SUMIF(GHIB!$A$164:$A$184,Traffic!DT$7,GHIB!J$164:J$184) -> 0 | DU31: =SUMIF(GHIB!$A$164:$A$184,Traffic!DU$7,GHIB!K$164:K$184) -> 0 | DV31: =SUMIF(GHIB!$A$164:$A$184,Traffic!DV$7,GHIB!L$164:L$184) -> 0 | ... DZ31: =SUMIF(GHIB!$A$164:$A$184,Traffic!DZ$7,GHIB!P$164:P$184) -> 0 | EB31: =SUM(DA31) -> 0 | EC31: =SUM($DA31:DB31) -> 0 | ED31: =SUM($DA31:DC31) -> 0 | EE31: =SUM($DA31:DD31) -> 0 | EF31: =SUM($DA31:DE31) -> 0 | EG31: =SUM($DA31:DF31) -> 0 | EH31: =SUM($DA31:DG31) -> 0 | EI31: =SUM($DA31:DH31) -> 0 | EJ31: =SUM($DA31:DI31) -> 0 | ... EM31: =SUM($DA31:DL31) -> 0 | EQ31: =SUM($DO31:DO31) -> 0 | ER31: =SUM($DO31:DP31) -> 0 | ES31: =SUM($DO31:DQ31) -> 0 | ET31: =SUM($DO31:DR31) -> 0 | EU31: =SUM($DO31:DS31) -> 0 | EV31: =SUM($DO31:DT31) -> 0 | EW31: =SUM($DO31:DU31) -> 0 | EX31: =SUM($DO31:DV31) -> 0 | ... FB31: =SUM($DO31:DZ31) -> 0 | FD31: =SUMIFS($DA31:$DZ31,$DA$8:$DZ$8,FD$7,$DA$7:$DZ$7,FD$8) -> 0 | FE31: =SUMIFS($DA31:$DZ31,$DA$8:$DZ$8,FE$7,$DA$7:$DZ$7,FE$8) -> 0 | FF31: =+FE31-FD31 -> 0 | FG31: =IFERROR(FF31/FD31,1) -> 1 | FI31: =SUMIFS($EB31:$FB31,$EB$8:$FB$8,FI$7,$EB$7:$FB$7,FI$8) -> 0 | FJ31: =SUMIFS($EB31:$FB31,$EB$8:$FB$8,FJ$7,$EB$7:$FB$7,FJ$8) -> 0 | FK31: =+FJ31-FI31 -> 0 | FL31: =IFERROR(FK31/FI31,1) -> 1
B32: GHIB | C32: TOTAL | D32: =+SUM(D29:D31) -> 0 | E32: =+SUM(E29:E31) -> 0 | F32: =SUM(F29:F31) -> 0 | G32: =IF(F32=0,0,IF(D32=0,1,F32/D32)) -> 0 | H32: =SUM(H29:H31) -> 0 | I32: =SUM(I29:I31) -> 0 | J32: =SUM(J29:J31) -> 0 | K32: =IF(J32=0,0,IF(H32=0,1,J32/H32)) -> 0 | L32: =+SUM(L29:L31) -> 0 | M32: =+SUM(M29:M31) -> 0 | N32: =SUM(N29:N31) -> 0 | O32: =IF(N32=0,0,IF(L32=0,1,N32/L32)) -> 0 | P32: =SUM(P29:P31) -> 0 | Q32: =SUM(Q29:Q31) -> 0 | R32: =SUM(R29:R31) -> 0 | S32: =IF(R32=0,0,IF(P32=0,1,R32/P32)) -> 0 | T32: =+SUM(T29:T31) -> 0 | U32: =+SUM(U29:U31) -> 0 | V32: =SUM(V29:V31) -> 0 | W32: =IF(V32=0,0,IF(T32=0,1,V32/T32)) -> 0 | X32: =SUM(X29:X31) -> 0 | Y32: =SUM(Y29:Y31) -> 0 | Z32: =SUM(Z29:Z31) -> 0 | AA32: =IF(Z32=0,0,IF(X32=0,1,Z32/X32)) -> 0 | AB32: =+SUM(AB29:AB31) -> 0 | AC32: =+SUM(AC29:AC31) -> 0 | AD32: =SUM(AD29:AD31) -> 0 | AE32: =IF(AD32=0,0,IF(AB32=0,1,AD32/AB32)) -> 0 | AF32: =SUM(AF29:AF31) -> 0 | AG32: =SUM(AG29:AG31) -> 0 | AH32: =SUM(AH29:AH31) -> 0 | AI32: =IF(AH32=0,0,IF(AF32=0,1,AH32/AF32)) -> 0 | AJ32: =+SUM(AJ29:AJ31) -> 0 | AK32: =+SUM(AK29:AK31) -> 0 | AL32: =SUM(AL29:AL31) -> 0 | AM32: =IF(AL32=0,0,IF(AJ32=0,1,AL32/AJ32)) -> 0 | AN32: =SUM(AN29:AN31) -> 0 | AO32: =SUM(AO29:AO31) -> 0 | AP32: =SUM(AP29:AP31) -> 0 | AQ32: =IF(AP32=0,0,IF(AN32=0,1,AP32/AN32)) -> 0 | AR32: =+SUM(AR29:AR31) -> 0 | AS32: =+SUM(AS29:AS31) -> 0 | AT32: =SUM(AT29:AT31) -> 0 | AU32: =IF(AT32=0,0,IF(AR32=0,1,AT32/AR32)) -> 0 | AV32: =SUM(AV29:AV31) -> 0 | AW32: =SUM(AW29:AW31) -> 0 | AX32: =SUM(AX29:AX31) -> 0 | AY32: =IF(AX32=0,0,IF(AV32=0,1,AX32/AV32)) -> 0 | AZ32: =+SUM(AZ29:AZ31) -> 0 | BA32: =+SUM(BA29:BA31) -> 52153 | BB32: =SUM(BB29:BB31) -> 52153 | BC32: =IF(BB32=0,0,IF(AZ32=0,1,BB32/AZ32)) -> 1 | BD32: =SUM(BD29:BD31) -> 0 | BE32: =SUM(BE29:BE31) -> 52153 | BF32: =SUM(BF29:BF31) -> 52153 | BG32: =IF(BF32=0,0,IF(BD32=0,1,BF32/BD32)) -> 1 | BH32: =+SUM(BH29:BH31) -> 0 | BI32: =+SUM(BI29:BI31) -> 343507 | BJ32: =SUM(BJ29:BJ31) -> 343507 | BK32: =IF(BJ32=0,0,IF(BH32=0,1,BJ32/BH32)) -> 1 | BL32: =SUM(BL29:BL31) -> 0 | BM32: =SUM(BM29:BM31) -> 395660 | BN32: =SUM(BN29:BN31) -> 395660 | BO32: =IF(BN32=0,0,IF(BL32=0,1,BN32/BL32)) -> 1 | BP32: =+SUM(BP29:BP31) -> 0 | BQ32: =+SUM(BQ29:BQ31) -> 0 | BR32: =SUM(BR29:BR31) -> 0 | BS32: =IF(BR32=0,0,IF(BP32=0,1,BR32/BP32)) -> 0 | BT32: =SUM(BT29:BT31) -> 0 | BU32: =SUM(BU29:BU31) -> 395660 | BV32: =SUM(BV29:BV31) -> 395660 | BW32: =IF(BV32=0,0,IF(BT32=0,1,BV32/BT32)) -> 1 | BX32: =+SUM(BX29:BX31) -> 0 | BY32: =+SUM(BY29:BY31) -> 0 | BZ32: =SUM(BZ29:BZ31) -> 0 | CA32: =IF(BZ32=0,0,IF(BX32=0,1,BZ32/BX32)) -> 0 | CB32: =SUM(CB29:CB31) -> 0 | CC32: =SUM(CC29:CC31) -> 395660 | CD32: =SUM(CD29:CD31) -> 395660 | CE32: =IF(CD32=0,0,IF(CB32=0,1,CD32/CB32)) -> 1 | CF32: =+SUM(CF29:CF31) -> 0 | CG32: =+SUM(CG29:CG31) -> 0 | CH32: =SUM(CH29:CH31) -> 0 | CI32: =IF(CH32=0,0,IF(CF32=0,1,CH32/CF32)) -> 0 | CJ32: =SUM(CJ29:CJ31) -> 0 | CK32: =SUM(CK29:CK31) -> 395660 | CL32: =SUM(CL29:CL31) -> 395660 | CM32: =IF(CL32=0,0,IF(CJ32=0,1,CL32/CJ32)) -> 1 | CN32: =+SUM(CN29:CN31) -> 0 | CO32: =+SUM(CO29:CO31) -> 0 | CP32: =SUM(CP29:CP31) -> 0 | CQ32: =IF(CP32=0,0,IF(CN32=0,1,CP32/CN32)) -> 0 | CR32: =SUM(CR29:CR31) -> 0 | CS32: =SUM(CS29:CS31) -> 395660 | CT32: =SUM(CT29:CT31) -> 395660 | CU32: =IF(CT32=0,0,IF(CR32=0,1,CT32/CR32)) -> 1 | CY32: Total | DA32: =SUM(DA29:DA31) -> 0 | DB32: =SUM(DB29:DB31) -> 0 | DC32: =SUM(DC29:DC31) -> 0 | DD32: =SUM(DD29:DD31) -> 0 | DE32: =SUM(DE29:DE31) -> 0 | DF32: =SUM(DF29:DF31) -> 0 | DG32: =SUM(DG29:DG31) -> 0 | DH32: =SUM(DH29:DH31) -> 0 | ... DL32: =SUM(DL29:DL31) -> 0 | DO32: =SUM(DO29:DO31) -> 0 | DP32: =SUM(DP29:DP31) -> 0 | DQ32: =SUM(DQ29:DQ31) -> 0 | DR32: =SUM(DR29:DR31) -> 0 | DS32: =SUM(DS29:DS31) -> 0 | DT32: =SUM(DT29:DT31) -> 0 | DU32: =SUM(DU29:DU31) -> 52153 | DV32: =SUM(DV29:DV31) -> 343507 | ... DZ32: =SUM(DZ29:DZ31) -> 0 | EB32: =SUM(DA32) -> 0 | EC32: =SUM($DA32:DB32) -> 0 | ED32: =SUM($DA32:DC32) -> 0 | EE32: =SUM($DA32:DD32) -> 0 | EF32: =SUM($DA32:DE32) -> 0 | EG32: =SUM($DA32:DF32) -> 0 | EH32: =SUM($DA32:DG32) -> 0 | EI32: =SUM($DA32:DH32) -> 0 | EJ32: =SUM($DA32:DI32) -> 0 | ... EM32: =SUM($DA32:DL32) -> 0 | EQ32: =SUM($DO32:DO32) -> 0 | ER32: =SUM($DO32:DP32) -> 0 | ES32: =SUM($DO32:DQ32) -> 0 | ET32: =SUM($DO32:DR32) -> 0 | EU32: =SUM($DO32:DS32) -> 0 | EV32: =SUM($DO32:DT32) -> 0 | EW32: =SUM($DO32:DU32) -> 52153 | EX32: =SUM($DO32:DV32) -> 395660 | ... FB32: =SUM($DO32:DZ32) -> 395660 | FD32: =SUMIFS($DA32:$DZ32,$DA$8:$DZ$8,FD$7,$DA$7:$DZ$7,FD$8) -> 0 | FE32: =SUMIFS($DA32:$DZ32,$DA$8:$DZ$8,FE$7,$DA$7:$DZ$7,FE$8) -> 343507 | FF32: =+FE32-FD32 -> 343507 | FG32: =IFERROR(FF32/FD32,1) -> 1 | FI32: =SUMIFS($EB32:$FB32,$EB$8:$FB$8,FI$7,$EB$7:$FB$7,FI$8) -> 0 | FJ32: =SUMIFS($EB32:$FB32,$EB$8:$FB$8,FJ$7,$EB$7:$FB$7,FJ$8) -> 395660 | FK32: =+FJ32-FI32 -> 395660 | FL32: =IFERROR(FK32/FI32,1) -> 1
B34: OGB | C34: Passenger Cars | D34: =+DA34 -> 33841 | E34: =OFFSET(DA34,0,14,1,1) -> 26160 | F34: =SUM(E34-D34) -> -7681 | G34: =IF(F34=0,0,IF(D34=0,1,F34/D34)) -> -0.2269732 | H34: =SUMIF($D$6:G$6,H$5,$D34:G34) -> 33841 | I34: =SUMIF($D$6:H$6,I$5,$D34:H34) -> 26160 | J34: =SUM(I34-H34) -> -7681 | K34: =IF(J34=0,0,IF(H34=0,1,J34/H34)) -> -0.2269732 | L34: =+DB34 -> 28587 | M34: =OFFSET(DB34,0,14,1,1) -> 25361 | N34: =SUM(M34-L34) -> -3226 | O34: =IF(N34=0,0,IF(L34=0,1,N34/L34)) -> -0.1128485 | P34: =SUMIF($D$6:O$6,P$5,$D34:O34) -> 62428 | Q34: =SUMIF($D$6:P$6,Q$5,$D34:P34) -> 51521 | R34: =SUM(Q34-P34) -> -10907 | S34: =IF(R34=0,0,IF(P34=0,1,R34/P34)) -> -0.17471327 | T34: =+DC34 -> 28877 | U34: =OFFSET(DC34,0,14,1,1) -> 29145 | V34: =SUM(U34-T34) -> 268 | W34: =IF(V34=0,0,IF(T34=0,1,V34/T34)) -> 0.0092807425 | X34: =SUMIF($D$6:W$6,X$5,$D34:W34) -> 91305 | Y34: =SUMIF($D$6:X$6,Y$5,$D34:X34) -> 80666 | Z34: =SUM(Y34-X34) -> -10639 | AA34: =IF(Z34=0,0,IF(X34=0,1,Z34/X34)) -> -0.11652155 | AB34: =+DD34 -> 26129 | AC34: =OFFSET(DD34,0,14,1,1) -> 29675 | AD34: =SUM(AC34-AB34) -> 3546 | AE34: =IF(AD34=0,0,IF(AB34=0,1,AD34/AB34)) -> 0.13571128 | AF34: =SUMIF($D$6:AE$6,AF$5,$D34:AE34) -> 117434 | AG34: =SUMIF($D$6:AF$6,AG$5,$D34:AF34) -> 110341 | AH34: =SUM(AG34-AF34) -> -7093 | AI34: =IF(AH34=0,0,IF(AF34=0,1,AH34/AF34)) -> -0.060399884 | AJ34: =+DE34 -> 29209 | AK34: =OFFSET(DE34,0,14,1,1) -> 36022 | AL34: =SUM(AK34-AJ34) -> 6813 | AM34: =IF(AL34=0,0,IF(AJ34=0,1,AL34/AJ34)) -> 0.23325003 | AN34: =SUMIF($D$6:AM$6,AN$5,$D34:AM34) -> 146643 | AO34: =SUMIF($D$6:AN$6,AO$5,$D34:AN34) -> 146363 | AP34: =SUM(AO34-AN34) -> -280 | AQ34: =IF(AP34=0,0,IF(AN34=0,1,AP34/AN34)) -> -0.001909399 | AR34: =+DF34 -> 31618 | AS34: =OFFSET(DF34,0,14,1,1) -> 36737 | AT34: =SUM(AS34-AR34) -> 5119 | AU34: =IF(AT34=0,0,IF(AR34=0,1,AT34/AR34)) -> 0.16190145 | AV34: =SUMIF($D$6:AU$6,AV$5,$D34:AU34) -> 178261 | AW34: =SUMIF($D$6:AV$6,AW$5,$D34:AV34) -> 183100 | AX34: =SUM(AW34-AV34) -> 4839 | AY34: =IF(AX34=0,0,IF(AV34=0,1,AX34/AV34)) -> 0.02714559 | AZ34: =+DG34 -> 37958 | BA34: =OFFSET(DG34,0,14,1,1) -> 44667 | BB34: =SUM(BA34-AZ34) -> 6709 | BC34: =IF(BB34=0,0,IF(AZ34=0,1,BB34/AZ34)) -> 0.17674798 | BD34: =SUMIF($D$6:BC$6,BD$5,$D34:BC34) -> 216219 | BE34: =SUMIF($D$6:BD$6,BE$5,$D34:BD34) -> 227767 | BF34: =SUM(BE34-BD34) -> 11548 | BG34: =IF(BF34=0,0,IF(BD34=0,1,BF34/BD34)) -> 0.053408812 | BH34: =+DH34 -> 42399 | BI34: =OFFSET(DH34,0,14,1,1) -> 47350 | BJ34: =SUM(BI34-BH34) -> 4951 | BK34: =IF(BJ34=0,0,IF(BH34=0,1,BJ34/BH34)) -> 0.11677162 | BL34: =SUMIF($D$6:BK$6,BL$5,$D34:BK34) -> 258618 | BM34: =SUMIF($D$6:BL$6,BM$5,$D34:BL34) -> 275117 | BN34: =SUM(BM34-BL34) -> 16499 | BO34: =IF(BN34=0,0,IF(BL34=0,1,BN34/BL34)) -> 0.063796797 | BP34: =+DI34 -> 32443 | BQ34: =OFFSET(DI34,0,14,1,1) -> 0 | BR34: =SUM(BQ34-BP34) -> -32443 | BS34: =IF(BR34=0,0,IF(BP34=0,1,BR34/BP34)) -> -1 | BT34: =SUMIF($D$6:BS$6,BT$5,$D34:BS34) -> 291061 | BU34: =SUMIF($D$6:BT$6,BU$5,$D34:BT34) -> 275117 | BV34: =SUM(BU34-BT34) -> -15944 | BW34: =IF(BV34=0,0,IF(BT34=0,1,BV34/BT34)) -> -0.054778895 | BX34: =+DJ34 -> 34588 | BY34: =OFFSET(DJ34,0,14,1,1) -> 0 | BZ34: =SUM(BY34-BX34) -> -34588 | CA34: =IF(BZ34=0,0,IF(BX34=0,1,BZ34/BX34)) -> -1 | CB34: =SUMIF($D$6:CA$6,CB$5,$D34:CA34) -> 325649 | CC34: =SUMIF($D$6:CB$6,CC$5,$D34:CB34) -> 275117 | CD34: =SUM(CC34-CB34) -> -50532 | CE34: =IF(CD34=0,0,IF(CB34=0,1,CD34/CB34)) -> -0.15517321 | CF34: =+DK34 -> 31995 | CG34: =OFFSET(DK34,0,14,1,1) -> 0 | CH34: =SUM(CG34-CF34) -> -31995 | CI34: =IF(CH34=0,0,IF(CF34=0,1,CH34/CF34)) -> -1 | CJ34: =SUMIF($D$6:CI$6,CJ$5,$D34:CI34) -> 357644 | CK34: =SUMIF($D$6:CJ$6,CK$5,$D34:CJ34) -> 275117 | CL34: =SUM(CK34-CJ34) -> -82527 | CM34: =IF(CL34=0,0,IF(CJ34=0,1,CL34/CJ34)) -> -0.23075181 | CN34: =+DL34 -> 33078 | CO34: =OFFSET(DL34,0,14,1,1) -> 0 | CP34: =SUM(CO34-CN34) -> -33078 | CQ34: =IF(CP34=0,0,IF(CN34=0,1,CP34/CN34)) -> -1 | CR34: =SUMIF($D$6:CQ$6,CR$5,$D34:CQ34) -> 390722 | CS34: =SUMIF($D$6:CR$6,CS$5,$D34:CR34) -> 275117 | CT34: =SUM(CS34-CR34) -> -115605 | CU34: =IF(CT34=0,0,IF(CR34=0,1,CT34/CR34)) -> -0.29587533 | CX34: Ogdensburg Bridge | CY34: Passenger Cars | DA34: =SUMIF(OGB!$A$118:$A$138,Traffic!DA$7,OGB!E$118:E$138) -> 33841 | DB34: =SUMIF(OGB!$A$118:$A$138,Traffic!DB$7,OGB!F$118:F$138) -> 28587 | DC34: =SUMIF(OGB!$A$118:$A$138,Traffic!DC$7,OGB!G$118:G$138) -> 28877 | DD34: =SUMIF(OGB!$A$118:$A$138,Traffic!DD$7,OGB!H$118:H$138) -> 26129 | DE34: =SUMIF(OGB!$A$118:$A$138,Traffic!DE$7,OGB!I$118:I$138) -> 29209 | DF34: =SUMIF(OGB!$A$118:$A$138,Traffic!DF$7,OGB!J$118:J$138) -> 31618 | DG34: =SUMIF(OGB!$A$118:$A$138,Traffic!DG$7,OGB!K$118:K$138) -> 37958 | DH34: =SUMIF(OGB!$A$118:$A$138,Traffic!DH$7,OGB!L$118:L$138) -> 42399 | ... DL34: =SUMIF(OGB!$A$118:$A$138,Traffic!DL$7,OGB!P$118:P$138) -> 33078 | DO34: =SUMIF(OGB!$A$118:$A$138,Traffic!DO$7,OGB!E$118:E$138) -> 26160 | DP34: =SUMIF(OGB!$A$118:$A$138,Traffic!DP$7,OGB!F$118:F$138) -> 25361 | DQ34: =SUMIF(OGB!$A$118:$A$138,Traffic!DQ$7,OGB!G$118:G$138) -> 29145 | DR34: =SUMIF(OGB!$A$118:$A$138,Traffic!DR$7,OGB!H$118:H$138) -> 29675 | DS34: =SUMIF(OGB!$A$118:$A$138,Traffic!DS$7,OGB!I$118:I$138) -> 36022 | DT34: =SUMIF(OGB!$A$118:$A$138,Traffic!DT$7,OGB!J$118:J$138) -> 36737 | DU34: =SUMIF(OGB!$A$118:$A$138,Traffic!DU$7,OGB!K$118:K$138) -> 44667 | DV34: =SUMIF(OGB!$A$118:$A$138,Traffic!DV$7,OGB!L$118:L$138) -> 47350 | ... DZ34: =SUMIF(OGB!$A$118:$A$138,Traffic!DZ$7,OGB!P$118:P$138) -> 0 | EB34: =SUM(DA34) -> 33841 | EC34: =SUM($DA34:DB34) -> 62428 | ED34: =SUM($DA34:DC34) -> 91305 | EE34: =SUM($DA34:DD34) -> 117434 | EF34: =SUM($DA34:DE34) -> 146643 | EG34: =SUM($DA34:DF34) -> 178261 | EH34: =SUM($DA34:DG34) -> 216219 | EI34: =SUM($DA34:DH34) -> 258618 | EJ34: =SUM($DA34:DI34) -> 291061 | ... EM34: =SUM($DA34:DL34) -> 390722 | EQ34: =SUM($DO34:DO34) -> 26160 | ER34: =SUM($DO34:DP34) -> 51521 | ES34: =SUM($DO34:DQ34) -> 80666 | ET34: =SUM($DO34:DR34) -> 110341 | EU34: =SUM($DO34:DS34) -> 146363 | EV34: =SUM($DO34:DT34) -> 183100 | EW34: =SUM($DO34:DU34) -> 227767 | EX34: =SUM($DO34:DV34) -> 275117 | ... FB34: =SUM($DO34:DZ34) -> 275117 | FD34: =SUMIFS($DA34:$DZ34,$DA$8:$DZ$8,FD$7,$DA$7:$DZ$7,FD$8) -> 42399 | FE34: =SUMIFS($DA34:$DZ34,$DA$8:$DZ$8,FE$7,$DA$7:$DZ$7,FE$8) -> 47350 | FF34: =+FE34-FD34 -> 4951 | FG34: =IFERROR(FF34/FD34,1) -> 0.11677162 | FI34: =SUMIFS($EB34:$FB34,$EB$8:$FB$8,FI$7,$EB$7:$FB$7,FI$8) -> 258618 | FJ34: =SUMIFS($EB34:$FB34,$EB$8:$FB$8,FJ$7,$EB$7:$FB$7,FJ$8) -> 275117 | FK34: =+FJ34-FI34 -> 16499 | FL34: =IFERROR(FK34/FI34,1) -> 0.063796797
A35: =+CX36 -> Ogdensburg Bridge | B35: OGB | C35: Trucks | D35: =+DA35 -> 5624 | E35: =OFFSET(DA35,0,14,1,1) -> 4327 | F35: =SUM(E35-D35) -> -1297 | G35: =IF(F35=0,0,IF(D35=0,1,F35/D35)) -> -0.23061878 | H35: =SUMIF($D$6:G$6,H$5,$D35:G35) -> 5624 | I35: =SUMIF($D$6:H$6,I$5,$D35:H35) -> 4327 | J35: =SUM(I35-H35) -> -1297 | K35: =IF(J35=0,0,IF(H35=0,1,J35/H35)) -> -0.23061878 | L35: =+DB35 -> 5148 | M35: =OFFSET(DB35,0,14,1,1) -> 3983 | N35: =SUM(M35-L35) -> -1165 | O35: =IF(N35=0,0,IF(L35=0,1,N35/L35)) -> -0.22630148 | P35: =SUMIF($D$6:O$6,P$5,$D35:O35) -> 10772 | Q35: =SUMIF($D$6:P$6,Q$5,$D35:P35) -> 8310 | R35: =SUM(Q35-P35) -> -2462 | S35: =IF(R35=0,0,IF(P35=0,1,R35/P35)) -> -0.22855551 | T35: =+DC35 -> 6035 | U35: =OFFSET(DC35,0,14,1,1) -> 5431 | V35: =SUM(U35-T35) -> -604 | W35: =IF(V35=0,0,IF(T35=0,1,V35/T35)) -> -0.10008285 | X35: =SUMIF($D$6:W$6,X$5,$D35:W35) -> 16807 | Y35: =SUMIF($D$6:X$6,Y$5,$D35:X35) -> 13741 | Z35: =SUM(Y35-X35) -> -3066 | AA35: =IF(Z35=0,0,IF(X35=0,1,Z35/X35)) -> -0.18242399 | AB35: =+DD35 -> 5717 | AC35: =OFFSET(DD35,0,14,1,1) -> 5050 | AD35: =SUM(AC35-AB35) -> -667 | AE35: =IF(AD35=0,0,IF(AB35=0,1,AD35/AB35)) -> -0.11666958 | AF35: =SUMIF($D$6:AE$6,AF$5,$D35:AE35) -> 22524 | AG35: =SUMIF($D$6:AF$6,AG$5,$D35:AF35) -> 18791 | AH35: =SUM(AG35-AF35) -> -3733 | AI35: =IF(AH35=0,0,IF(AF35=0,1,AH35/AF35)) -> -0.16573433 | AJ35: =+DE35 -> 5518 | AK35: =OFFSET(DE35,0,14,1,1) -> 4911 | AL35: =SUM(AK35-AJ35) -> -607 | AM35: =IF(AL35=0,0,IF(AJ35=0,1,AL35/AJ35)) -> -0.11000362 | AN35: =SUMIF($D$6:AM$6,AN$5,$D35:AM35) -> 28042 | AO35: =SUMIF($D$6:AN$6,AO$5,$D35:AN35) -> 23702 | AP35: =SUM(AO35-AN35) -> -4340 | AQ35: =IF(AP35=0,0,IF(AN35=0,1,AP35/AN35)) -> -0.15476785 | AR35: =+DF35 -> 5722 | AS35: =OFFSET(DF35,0,14,1,1) -> 5369 | AT35: =SUM(AS35-AR35) -> -353 | AU35: =IF(AT35=0,0,IF(AR35=0,1,AT35/AR35)) -> -0.061691716 | AV35: =SUMIF($D$6:AU$6,AV$5,$D35:AU35) -> 33764 | AW35: =SUMIF($D$6:AV$6,AW$5,$D35:AV35) -> 29071 | AX35: =SUM(AW35-AV35) -> -4693 | AY35: =IF(AX35=0,0,IF(AV35=0,1,AX35/AV35)) -> -0.1389942 | AZ35: =+DG35 -> 5945 | BA35: =OFFSET(DG35,0,14,1,1) -> 6915 | BB35: =SUM(BA35-AZ35) -> 970 | BC35: =IF(BB35=0,0,IF(AZ35=0,1,BB35/AZ35)) -> 0.16316232 | BD35: =SUMIF($D$6:BC$6,BD$5,$D35:BC35) -> 39709 | BE35: =SUMIF($D$6:BD$6,BE$5,$D35:BD35) -> 35986 | BF35: =SUM(BE35-BD35) -> -3723 | BG35: =IF(BF35=0,0,IF(BD35=0,1,BF35/BD35)) -> -0.093757083 | BH35: =+DH35 -> 5177 | BI35: =OFFSET(DH35,0,14,1,1) -> 5586 | BJ35: =SUM(BI35-BH35) -> 409 | BK35: =IF(BJ35=0,0,IF(BH35=0,1,BJ35/BH35)) -> 0.079003284 | BL35: =SUMIF($D$6:BK$6,BL$5,$D35:BK35) -> 44886 | BM35: =SUMIF($D$6:BL$6,BM$5,$D35:BL35) -> 41572 | BN35: =SUM(BM35-BL35) -> -3314 | BO35: =IF(BN35=0,0,IF(BL35=0,1,BN35/BL35)) -> -0.073831484 | BP35: =+DI35 -> 5106 | BQ35: =OFFSET(DI35,0,14,1,1) -> 0 | BR35: =SUM(BQ35-BP35) -> -5106 | BS35: =IF(BR35=0,0,IF(BP35=0,1,BR35/BP35)) -> -1 | BT35: =SUMIF($D$6:BS$6,BT$5,$D35:BS35) -> 49992 | BU35: =SUMIF($D$6:BT$6,BU$5,$D35:BT35) -> 41572 | BV35: =SUM(BU35-BT35) -> -8420 | BW35: =IF(BV35=0,0,IF(BT35=0,1,BV35/BT35)) -> -0.16842695 | BX35: =+DJ35 -> 4942 | BY35: =OFFSET(DJ35,0,14,1,1) -> 0 | BZ35: =SUM(BY35-BX35) -> -4942 | CA35: =IF(BZ35=0,0,IF(BX35=0,1,BZ35/BX35)) -> -1 | CB35: =SUMIF($D$6:CA$6,CB$5,$D35:CA35) -> 54934 | CC35: =SUMIF($D$6:CB$6,CC$5,$D35:CB35) -> 41572 | CD35: =SUM(CC35-CB35) -> -13362 | CE35: =IF(CD35=0,0,IF(CB35=0,1,CD35/CB35)) -> -0.24323734 | CF35: =+DK35 -> 4362 | CG35: =OFFSET(DK35,0,14,1,1) -> 0 | CH35: =SUM(CG35-CF35) -> -4362 | CI35: =IF(CH35=0,0,IF(CF35=0,1,CH35/CF35)) -> -1 | CJ35: =SUMIF($D$6:CI$6,CJ$5,$D35:CI35) -> 59296 | CK35: =SUMIF($D$6:CJ$6,CK$5,$D35:CJ35) -> 41572 | CL35: =SUM(CK35-CJ35) -> -17724 | CM35: =IF(CL35=0,0,IF(CJ35=0,1,CL35/CJ35)) -> -0.29890718 | CN35: =+DL35 -> 4218 | CO35: =OFFSET(DL35,0,14,1,1) -> 0 | CP35: =SUM(CO35-CN35) -> -4218 | CQ35: =IF(CP35=0,0,IF(CN35=0,1,CP35/CN35)) -> -1 | CR35: =SUMIF($D$6:CQ$6,CR$5,$D35:CQ35) -> 63514 | CS35: =SUMIF($D$6:CR$6,CS$5,$D35:CR35) -> 41572 | CT35: =SUM(CS35-CR35) -> -21942 | CU35: =IF(CT35=0,0,IF(CR35=0,1,CT35/CR35)) -> -0.34546714 | CX35: Ogdensburg Bridge | CY35: Trucks | DA35: =SUMIF(OGB!$A$141:$A$161,Traffic!DA$7,OGB!E$141:E$161) -> 5624 | DB35: =SUMIF(OGB!$A$141:$A$161,Traffic!DB$7,OGB!F$141:F$161) -> 5148 | DC35: =SUMIF(OGB!$A$141:$A$161,Traffic!DC$7,OGB!G$141:G$161) -> 6035 | DD35: =SUMIF(OGB!$A$141:$A$161,Traffic!DD$7,OGB!H$141:H$161) -> 5717 | DE35: =SUMIF(OGB!$A$141:$A$161,Traffic!DE$7,OGB!I$141:I$161) -> 5518 | DF35: =SUMIF(OGB!$A$141:$A$161,Traffic!DF$7,OGB!J$141:J$161) -> 5722 | DG35: =SUMIF(OGB!$A$141:$A$161,Traffic!DG$7,OGB!K$141:K$161) -> 5945 | DH35: =SUMIF(OGB!$A$141:$A$161,Traffic!DH$7,OGB!L$141:L$161) -> 5177 | ... DL35: =SUMIF(OGB!$A$141:$A$161,Traffic!DL$7,OGB!P$141:P$161) -> 4218 | DO35: =SUMIF(OGB!$A$141:$A$161,Traffic!DO$7,OGB!E$141:E$161) -> 4327 | DP35: =SUMIF(OGB!$A$141:$A$161,Traffic!DP$7,OGB!F$141:F$161) -> 3983 | DQ35: =SUMIF(OGB!$A$141:$A$161,Traffic!DQ$7,OGB!G$141:G$161) -> 5431 | DR35: =SUMIF(OGB!$A$141:$A$161,Traffic!DR$7,OGB!H$141:H$161) -> 5050 | DS35: =SUMIF(OGB!$A$141:$A$161,Traffic!DS$7,OGB!I$141:I$161) -> 4911 | DT35: =SUMIF(OGB!$A$141:$A$161,Traffic!DT$7,OGB!J$141:J$161) -> 5369 | DU35: =SUMIF(OGB!$A$141:$A$161,Traffic!DU$7,OGB!K$141:K$161) -> 6915 | DV35: =SUMIF(OGB!$A$141:$A$161,Traffic!DV$7,OGB!L$141:L$161) -> 5586 | ... DZ35: =SUMIF(OGB!$A$141:$A$161,Traffic!DZ$7,OGB!P$141:P$161) -> 0 | EB35: =SUM(DA35) -> 5624 | EC35: =SUM($DA35:DB35) -> 10772 | ED35: =SUM($DA35:DC35) -> 16807 | EE35: =SUM($DA35:DD35) -> 22524 | EF35: =SUM($DA35:DE35) -> 28042 | EG35: =SUM($DA35:DF35) -> 33764 | EH35: =SUM($DA35:DG35) -> 39709 | EI35: =SUM($DA35:DH35) -> 44886 | EJ35: =SUM($DA35:DI35) -> 49992 | ... EM35: =SUM($DA35:DL35) -> 63514 | EQ35: =SUM($DO35:DO35) -> 4327 | ER35: =SUM($DO35:DP35) -> 8310 | ES35: =SUM($DO35:DQ35) -> 13741 | ET35: =SUM($DO35:DR35) -> 18791 | EU35: =SUM($DO35:DS35) -> 23702 | EV35: =SUM($DO35:DT35) -> 29071 | EW35: =SUM($DO35:DU35) -> 35986 | EX35: =SUM($DO35:DV35) -> 41572 | ... FB35: =SUM($DO35:DZ35) -> 41572 | FD35: =SUMIFS($DA35:$DZ35,$DA$8:$DZ$8,FD$7,$DA$7:$DZ$7,FD$8) -> 5177 | FE35: =SUMIFS($DA35:$DZ35,$DA$8:$DZ$8,FE$7,$DA$7:$DZ$7,FE$8) -> 5586 | FF35: =+FE35-FD35 -> 409 | FG35: =IFERROR(FF35/FD35,1) -> 0.079003284 | FI35: =SUMIFS($EB35:$FB35,$EB$8:$FB$8,FI$7,$EB$7:$FB$7,FI$8) -> 44886 | FJ35: =SUMIFS($EB35:$FB35,$EB$8:$FB$8,FJ$7,$EB$7:$FB$7,FJ$8) -> 41572 | FK35: =+FJ35-FI35 -> -3314 | FL35: =IFERROR(FK35/FI35,1) -> -0.073831484
B36: OGB | C36: Buses & Misc. | D36: =+DA36 -> 11 | E36: =OFFSET(DA36,0,14,1,1) -> 11 | F36: =SUM(E36-D36) -> 0 | G36: =IF(F36=0,0,IF(D36=0,1,F36/D36)) -> 0 | H36: =SUMIF($D$6:G$6,H$5,$D36:G36) -> 11 | I36: =SUMIF($D$6:H$6,I$5,$D36:H36) -> 11 | J36: =SUM(I36-H36) -> 0 | K36: =IF(J36=0,0,IF(H36=0,1,J36/H36)) -> 0 | L36: =+DB36 -> 4 | M36: =OFFSET(DB36,0,14,1,1) -> 13 | N36: =SUM(M36-L36) -> 9 | O36: =IF(N36=0,0,IF(L36=0,1,N36/L36)) -> 2.25 | P36: =SUMIF($D$6:O$6,P$5,$D36:O36) -> 15 | Q36: =SUMIF($D$6:P$6,Q$5,$D36:P36) -> 24 | R36: =SUM(Q36-P36) -> 9 | S36: =IF(R36=0,0,IF(P36=0,1,R36/P36)) -> 0.6 | T36: =+DC36 -> 16 | U36: =OFFSET(DC36,0,14,1,1) -> 6 | V36: =SUM(U36-T36) -> -10 | W36: =IF(V36=0,0,IF(T36=0,1,V36/T36)) -> -0.625 | X36: =SUMIF($D$6:W$6,X$5,$D36:W36) -> 31 | Y36: =SUMIF($D$6:X$6,Y$5,$D36:X36) -> 30 | Z36: =SUM(Y36-X36) -> -1 | AA36: =IF(Z36=0,0,IF(X36=0,1,Z36/X36)) -> -0.032258065 | AB36: =+DD36 -> 11 | AC36: =OFFSET(DD36,0,14,1,1) -> 3 | AD36: =SUM(AC36-AB36) -> -8 | AE36: =IF(AD36=0,0,IF(AB36=0,1,AD36/AB36)) -> -0.72727273 | AF36: =SUMIF($D$6:AE$6,AF$5,$D36:AE36) -> 42 | AG36: =SUMIF($D$6:AF$6,AG$5,$D36:AF36) -> 33 | AH36: =SUM(AG36-AF36) -> -9 | AI36: =IF(AH36=0,0,IF(AF36=0,1,AH36/AF36)) -> -0.21428571 | AJ36: =+DE36 -> 19 | AK36: =OFFSET(DE36,0,14,1,1) -> 19 | AL36: =SUM(AK36-AJ36) -> 0 | AM36: =IF(AL36=0,0,IF(AJ36=0,1,AL36/AJ36)) -> 0 | AN36: =SUMIF($D$6:AM$6,AN$5,$D36:AM36) -> 61 | AO36: =SUMIF($D$6:AN$6,AO$5,$D36:AN36) -> 52 | AP36: =SUM(AO36-AN36) -> -9 | AQ36: =IF(AP36=0,0,IF(AN36=0,1,AP36/AN36)) -> -0.14754098 | AR36: =+DF36 -> 38 | AS36: =OFFSET(DF36,0,14,1,1) -> 32 | AT36: =SUM(AS36-AR36) -> -6 | AU36: =IF(AT36=0,0,IF(AR36=0,1,AT36/AR36)) -> -0.15789474 | AV36: =SUMIF($D$6:AU$6,AV$5,$D36:AU36) -> 99 | AW36: =SUMIF($D$6:AV$6,AW$5,$D36:AV36) -> 84 | AX36: =SUM(AW36-AV36) -> -15 | AY36: =IF(AX36=0,0,IF(AV36=0,1,AX36/AV36)) -> -0.15151515 | AZ36: =+DG36 -> 15 | BA36: =OFFSET(DG36,0,14,1,1) -> 21 | BB36: =SUM(BA36-AZ36) -> 6 | BC36: =IF(BB36=0,0,IF(AZ36=0,1,BB36/AZ36)) -> 0.4 | BD36: =SUMIF($D$6:BC$6,BD$5,$D36:BC36) -> 114 | BE36: =SUMIF($D$6:BD$6,BE$5,$D36:BD36) -> 105 | BF36: =SUM(BE36-BD36) -> -9 | BG36: =IF(BF36=0,0,IF(BD36=0,1,BF36/BD36)) -> -0.078947368 | BH36: =+DH36 -> 8 | BI36: =OFFSET(DH36,0,14,1,1) -> 7 | BJ36: =SUM(BI36-BH36) -> -1 | BK36: =IF(BJ36=0,0,IF(BH36=0,1,BJ36/BH36)) -> -0.125 | BL36: =SUMIF($D$6:BK$6,BL$5,$D36:BK36) -> 122 | BM36: =SUMIF($D$6:BL$6,BM$5,$D36:BL36) -> 112 | BN36: =SUM(BM36-BL36) -> -10 | BO36: =IF(BN36=0,0,IF(BL36=0,1,BN36/BL36)) -> -0.081967213 | BP36: =+DI36 -> 9 | BQ36: =OFFSET(DI36,0,14,1,1) -> 0 | BR36: =SUM(BQ36-BP36) -> -9 | BS36: =IF(BR36=0,0,IF(BP36=0,1,BR36/BP36)) -> -1 | BT36: =SUMIF($D$6:BS$6,BT$5,$D36:BS36) -> 131 | BU36: =SUMIF($D$6:BT$6,BU$5,$D36:BT36) -> 112 | BV36: =SUM(BU36-BT36) -> -19 | BW36: =IF(BV36=0,0,IF(BT36=0,1,BV36/BT36)) -> -0.14503817 | BX36: =+DJ36 -> 10 | BY36: =OFFSET(DJ36,0,14,1,1) -> 0 | BZ36: =SUM(BY36-BX36) -> -10 | CA36: =IF(BZ36=0,0,IF(BX36=0,1,BZ36/BX36)) -> -1 | CB36: =SUMIF($D$6:CA$6,CB$5,$D36:CA36) -> 141 | CC36: =SUMIF($D$6:CB$6,CC$5,$D36:CB36) -> 112 | CD36: =SUM(CC36-CB36) -> -29 | CE36: =IF(CD36=0,0,IF(CB36=0,1,CD36/CB36)) -> -0.20567376 | CF36: =+DK36 -> 20 | CG36: =OFFSET(DK36,0,14,1,1) -> 0 | CH36: =SUM(CG36-CF36) -> -20 | CI36: =IF(CH36=0,0,IF(CF36=0,1,CH36/CF36)) -> -1 | CJ36: =SUMIF($D$6:CI$6,CJ$5,$D36:CI36) -> 161 | CK36: =SUMIF($D$6:CJ$6,CK$5,$D36:CJ36) -> 112 | CL36: =SUM(CK36-CJ36) -> -49 | CM36: =IF(CL36=0,0,IF(CJ36=0,1,CL36/CJ36)) -> -0.30434783 | CN36: =+DL36 -> 10 | CO36: =OFFSET(DL36,0,14,1,1) -> 0 | CP36: =SUM(CO36-CN36) -> -10 | CQ36: =IF(CP36=0,0,IF(CN36=0,1,CP36/CN36)) -> -1 | CR36: =SUMIF($D$6:CQ$6,CR$5,$D36:CQ36) -> 171 | CS36: =SUMIF($D$6:CR$6,CS$5,$D36:CR36) -> 112 | CT36: =SUM(CS36-CR36) -> -59 | CU36: =IF(CT36=0,0,IF(CR36=0,1,CT36/CR36)) -> -0.34502924 | CX36: Ogdensburg Bridge | CY36: Buses & Misc. | DA36: =SUMIF(OGB!$A$164:$A$184,Traffic!DA$7,OGB!E$164:E$184) -> 11 | DB36: =SUMIF(OGB!$A$164:$A$184,Traffic!DB$7,OGB!F$164:F$184) -> 4 | DC36: =SUMIF(OGB!$A$164:$A$184,Traffic!DC$7,OGB!G$164:G$184) -> 16 | DD36: =SUMIF(OGB!$A$164:$A$184,Traffic!DD$7,OGB!H$164:H$184) -> 11 | DE36: =SUMIF(OGB!$A$164:$A$184,Traffic!DE$7,OGB!I$164:I$184) -> 19 | DF36: =SUMIF(OGB!$A$164:$A$184,Traffic!DF$7,OGB!J$164:J$184) -> 38 | DG36: =SUMIF(OGB!$A$164:$A$184,Traffic!DG$7,OGB!K$164:K$184) -> 15 | DH36: =SUMIF(OGB!$A$164:$A$184,Traffic!DH$7,OGB!L$164:L$184) -> 8 | ... DL36: =SUMIF(OGB!$A$164:$A$184,Traffic!DL$7,OGB!P$164:P$184) -> 10 | DO36: =SUMIF(OGB!$A$164:$A$184,Traffic!DO$7,OGB!E$164:E$184) -> 11 | DP36: =SUMIF(OGB!$A$164:$A$184,Traffic!DP$7,OGB!F$164:F$184) -> 13 | DQ36: =SUMIF(OGB!$A$164:$A$184,Traffic!DQ$7,OGB!G$164:G$184) -> 6 | DR36: =SUMIF(OGB!$A$164:$A$184,Traffic!DR$7,OGB!H$164:H$184) -> 3 | DS36: =SUMIF(OGB!$A$164:$A$184,Traffic!DS$7,OGB!I$164:I$184) -> 19 | DT36: =SUMIF(OGB!$A$164:$A$184,Traffic!DT$7,OGB!J$164:J$184) -> 32 | DU36: =SUMIF(OGB!$A$164:$A$184,Traffic!DU$7,OGB!K$164:K$184) -> 21 | DV36: =SUMIF(OGB!$A$164:$A$184,Traffic!DV$7,OGB!L$164:L$184) -> 7 | ... DZ36: =SUMIF(OGB!$A$164:$A$184,Traffic!DZ$7,OGB!P$164:P$184) -> 0 | EB36: =SUM(DA36) -> 11 | EC36: =SUM($DA36:DB36) -> 15 | ED36: =SUM($DA36:DC36) -> 31 | EE36: =SUM($DA36:DD36) -> 42 | EF36: =SUM($DA36:DE36) -> 61 | EG36: =SUM($DA36:DF36) -> 99 | EH36: =SUM($DA36:DG36) -> 114 | EI36: =SUM($DA36:DH36) -> 122 | EJ36: =SUM($DA36:DI36) -> 131 | ... EM36: =SUM($DA36:DL36) -> 171 | EQ36: =SUM($DO36:DO36) -> 11 | ER36: =SUM($DO36:DP36) -> 24 | ES36: =SUM($DO36:DQ36) -> 30 | ET36: =SUM($DO36:DR36) -> 33 | EU36: =SUM($DO36:DS36) -> 52 | EV36: =SUM($DO36:DT36) -> 84 | EW36: =SUM($DO36:DU36) -> 105 | EX36: =SUM($DO36:DV36) -> 112 | ... FB36: =SUM($DO36:DZ36) -> 112 | FD36: =SUMIFS($DA36:$DZ36,$DA$8:$DZ$8,FD$7,$DA$7:$DZ$7,FD$8) -> 8 | FE36: =SUMIFS($DA36:$DZ36,$DA$8:$DZ$8,FE$7,$DA$7:$DZ$7,FE$8) -> 7 | FF36: =+FE36-FD36 -> -1 | FG36: =IFERROR(FF36/FD36,1) -> -0.125 | FI36: =SUMIFS($EB36:$FB36,$EB$8:$FB$8,FI$7,$EB$7:$FB$7,FI$8) -> 122 | FJ36: =SUMIFS($EB36:$FB36,$EB$8:$FB$8,FJ$7,$EB$7:$FB$7,FJ$8) -> 112 | FK36: =+FJ36-FI36 -> -10 | FL36: =IFERROR(FK36/FI36,1) -> -0.081967213
B37: OGB | C37: TOTAL | D37: =+SUM(D34:D36) -> 39476 | E37: =+SUM(E34:E36) -> 30498 | F37: =SUM(F34:F36) -> -8978 | G37: =IF(F37=0,0,IF(D37=0,1,F37/D37)) -> -0.22742932 | H37: =SUM(H34:H36) -> 39476 | I37: =SUM(I34:I36) -> 30498 | J37: =SUM(J34:J36) -> -8978 | K37: =IF(J37=0,0,IF(H37=0,1,J37/H37)) -> -0.22742932 | L37: =+SUM(L34:L36) -> 33739 | M37: =+SUM(M34:M36) -> 29357 | N37: =SUM(N34:N36) -> -4382 | O37: =IF(N37=0,0,IF(L37=0,1,N37/L37)) -> -0.12987937 | P37: =SUM(P34:P36) -> 73215 | Q37: =SUM(Q34:Q36) -> 59855 | R37: =SUM(R34:R36) -> -13360 | S37: =IF(R37=0,0,IF(P37=0,1,R37/P37)) -> -0.18247627 | T37: =+SUM(T34:T36) -> 34928 | U37: =+SUM(U34:U36) -> 34582 | V37: =SUM(V34:V36) -> -346 | W37: =IF(V37=0,0,IF(T37=0,1,V37/T37)) -> -0.0099060925 | X37: =SUM(X34:X36) -> 108143 | Y37: =SUM(Y34:Y36) -> 94437 | Z37: =SUM(Z34:Z36) -> -13706 | AA37: =IF(Z37=0,0,IF(X37=0,1,Z37/X37)) -> -0.12673959 | AB37: =+SUM(AB34:AB36) -> 31857 | AC37: =+SUM(AC34:AC36) -> 34728 | AD37: =SUM(AD34:AD36) -> 2871 | AE37: =IF(AD37=0,0,IF(AB37=0,1,AD37/AB37)) -> 0.09012148 | AF37: =SUM(AF34:AF36) -> 140000 | AG37: =SUM(AG34:AG36) -> 129165 | AH37: =SUM(AH34:AH36) -> -10835 | AI37: =IF(AH37=0,0,IF(AF37=0,1,AH37/AF37)) -> -0.077392857 | AJ37: =+SUM(AJ34:AJ36) -> 34746 | AK37: =+SUM(AK34:AK36) -> 40952 | AL37: =SUM(AL34:AL36) -> 6206 | AM37: =IF(AL37=0,0,IF(AJ37=0,1,AL37/AJ37)) -> 0.17861049 | AN37: =SUM(AN34:AN36) -> 174746 | AO37: =SUM(AO34:AO36) -> 170117 | AP37: =SUM(AP34:AP36) -> -4629 | AQ37: =IF(AP37=0,0,IF(AN37=0,1,AP37/AN37)) -> -0.026489877 | AR37: =+SUM(AR34:AR36) -> 37378 | AS37: =+SUM(AS34:AS36) -> 42138 | AT37: =SUM(AT34:AT36) -> 4760 | AU37: =IF(AT37=0,0,IF(AR37=0,1,AT37/AR37)) -> 0.12734764 | AV37: =SUM(AV34:AV36) -> 212124 | AW37: =SUM(AW34:AW36) -> 212255 | AX37: =SUM(AX34:AX36) -> 131 | AY37: =IF(AX37=0,0,IF(AV37=0,1,AX37/AV37)) -> 0.00061756331 | AZ37: =+SUM(AZ34:AZ36) -> 43918 | BA37: =+SUM(BA34:BA36) -> 51603 | BB37: =SUM(BB34:BB36) -> 7685 | BC37: =IF(BB37=0,0,IF(AZ37=0,1,BB37/AZ37)) -> 0.1749852 | BD37: =SUM(BD34:BD36) -> 256042 | BE37: =SUM(BE34:BE36) -> 263858 | BF37: =SUM(BF34:BF36) -> 7816 | BG37: =IF(BF37=0,0,IF(BD37=0,1,BF37/BD37)) -> 0.030526242 | BH37: =+SUM(BH34:BH36) -> 47584 | BI37: =+SUM(BI34:BI36) -> 52943 | BJ37: =SUM(BJ34:BJ36) -> 5359 | BK37: =IF(BJ37=0,0,IF(BH37=0,1,BJ37/BH37)) -> 0.11262189 | BL37: =SUM(BL34:BL36) -> 303626 | BM37: =SUM(BM34:BM36) -> 316801 | BN37: =SUM(BN34:BN36) -> 13175 | BO37: =IF(BN37=0,0,IF(BL37=0,1,BN37/BL37)) -> 0.0433922 | BP37: =+SUM(BP34:BP36) -> 37558 | BQ37: =+SUM(BQ34:BQ36) -> 0 | BR37: =SUM(BR34:BR36) -> -37558 | BS37: =IF(BR37=0,0,IF(BP37=0,1,BR37/BP37)) -> -1 | BT37: =SUM(BT34:BT36) -> 341184 | BU37: =SUM(BU34:BU36) -> 316801 | BV37: =SUM(BV34:BV36) -> -24383 | BW37: =IF(BV37=0,0,IF(BT37=0,1,BV37/BT37)) -> -0.071465837 | BX37: =+SUM(BX34:BX36) -> 39540 | BY37: =+SUM(BY34:BY36) -> 0 | BZ37: =SUM(BZ34:BZ36) -> -39540 | CA37: =IF(BZ37=0,0,IF(BX37=0,1,BZ37/BX37)) -> -1 | CB37: =SUM(CB34:CB36) -> 380724 | CC37: =SUM(CC34:CC36) -> 316801 | CD37: =SUM(CD34:CD36) -> -63923 | CE37: =IF(CD37=0,0,IF(CB37=0,1,CD37/CB37)) -> -0.16789853 | CF37: =+SUM(CF34:CF36) -> 36377 | CG37: =+SUM(CG34:CG36) -> 0 | CH37: =SUM(CH34:CH36) -> -36377 | CI37: =IF(CH37=0,0,IF(CF37=0,1,CH37/CF37)) -> -1 | CJ37: =SUM(CJ34:CJ36) -> 417101 | CK37: =SUM(CK34:CK36) -> 316801 | CL37: =SUM(CL34:CL36) -> -100300 | CM37: =IF(CL37=0,0,IF(CJ37=0,1,CL37/CJ37)) -> -0.24046933 | CN37: =+SUM(CN34:CN36) -> 37306 | CO37: =+SUM(CO34:CO36) -> 0 | CP37: =SUM(CP34:CP36) -> -37306 | CQ37: =IF(CP37=0,0,IF(CN37=0,1,CP37/CN37)) -> -1 | CR37: =SUM(CR34:CR36) -> 454407 | CS37: =SUM(CS34:CS36) -> 316801 | CT37: =SUM(CT34:CT36) -> -137606 | CU37: =IF(CT37=0,0,IF(CR37=0,1,CT37/CR37)) -> -0.30282544 | CY37: Total | DA37: =SUM(DA34:DA36) -> 39476 | DB37: =SUM(DB34:DB36) -> 33739 | DC37: =SUM(DC34:DC36) -> 34928 | DD37: =SUM(DD34:DD36) -> 31857 | DE37: =SUM(DE34:DE36) -> 34746 | DF37: =SUM(DF34:DF36) -> 37378 | DG37: =SUM(DG34:DG36) -> 43918 | DH37: =SUM(DH34:DH36) -> 47584 | ... DL37: =SUM(DL34:DL36) -> 37306 | DO37: =SUM(DO34:DO36) -> 30498 | DP37: =SUM(DP34:DP36) -> 29357 | DQ37: =SUM(DQ34:DQ36) -> 34582 | DR37: =SUM(DR34:DR36) -> 34728 | DS37: =SUM(DS34:DS36) -> 40952 | DT37: =SUM(DT34:DT36) -> 42138 | DU37: =SUM(DU34:DU36) -> 51603 | DV37: =SUM(DV34:DV36) -> 52943 | ... DZ37: =SUM(DZ34:DZ36) -> 0 | EB37: =SUM(DA37) -> 39476 | EC37: =SUM($DA37:DB37) -> 73215 | ED37: =SUM($DA37:DC37) -> 108143 | EE37: =SUM($DA37:DD37) -> 140000 | EF37: =SUM($DA37:DE37) -> 174746 | EG37: =SUM($DA37:DF37) -> 212124 | EH37: =SUM($DA37:DG37) -> 256042 | EI37: =SUM($DA37:DH37) -> 303626 | EJ37: =SUM($DA37:DI37) -> 341184 | ... EM37: =SUM($DA37:DL37) -> 454407 | EQ37: =SUM($DO37:DO37) -> 30498 | ER37: =SUM($DO37:DP37) -> 59855 | ES37: =SUM($DO37:DQ37) -> 94437 | ET37: =SUM($DO37:DR37) -> 129165 | EU37: =SUM($DO37:DS37) -> 170117 | EV37: =SUM($DO37:DT37) -> 212255 | EW37: =SUM($DO37:DU37) -> 263858 | EX37: =SUM($DO37:DV37) -> 316801 | ... FB37: =SUM($DO37:DZ37) -> 316801 | FD37: =SUMIFS($DA37:$DZ37,$DA$8:$DZ$8,FD$7,$DA$7:$DZ$7,FD$8) -> 47584 | FE37: =SUMIFS($DA37:$DZ37,$DA$8:$DZ$8,FE$7,$DA$7:$DZ$7,FE$8) -> 52943 | FF37: =+FE37-FD37 -> 5359 | FG37: =IFERROR(FF37/FD37,1) -> 0.11262189 | FI37: =SUMIFS($EB37:$FB37,$EB$8:$FB$8,FI$7,$EB$7:$FB$7,FI$8) -> 303626 | FJ37: =SUMIFS($EB37:$FB37,$EB$8:$FB$8,FJ$7,$EB$7:$FB$7,FJ$8) -> 316801 | FK37: =+FJ37-FI37 -> 13175 | FL37: =IFERROR(FK37/FI37,1) -> 0.0433922
B39: PB | C39: Passenger Cars | D39: =+DA39 -> 225335 | E39: =OFFSET(DA39,0,14,1,1) -> 194149 | F39: =SUM(E39-D39) -> -31186 | G39: =IF(F39=0,0,IF(D39=0,1,F39/D39)) -> -0.13839838 | H39: =SUMIF($D$6:G$6,H$5,$D39:G39) -> 225335 | I39: =SUMIF($D$6:H$6,I$5,$D39:H39) -> 194149 | J39: =SUM(I39-H39) -> -31186 | K39: =IF(J39=0,0,IF(H39=0,1,J39/H39)) -> -0.13839838 | L39: =+DB39 -> 193931 | M39: =OFFSET(DB39,0,14,1,1) -> 188072 | N39: =SUM(M39-L39) -> -5859 | O39: =IF(N39=0,0,IF(L39=0,1,N39/L39)) -> -0.030211776 | P39: =SUMIF($D$6:O$6,P$5,$D39:O39) -> 419266 | Q39: =SUMIF($D$6:P$6,Q$5,$D39:P39) -> 382221 | R39: =SUM(Q39-P39) -> -37045 | S39: =IF(R39=0,0,IF(P39=0,1,R39/P39)) -> -0.088356795 | T39: =+DC39 -> 244639 | U39: =OFFSET(DC39,0,14,1,1) -> 239400 | V39: =SUM(U39-T39) -> -5239 | W39: =IF(V39=0,0,IF(T39=0,1,V39/T39)) -> -0.021415228 | X39: =SUMIF($D$6:W$6,X$5,$D39:W39) -> 663905 | Y39: =SUMIF($D$6:X$6,Y$5,$D39:X39) -> 621621 | Z39: =SUM(Y39-X39) -> -42284 | AA39: =IF(Z39=0,0,IF(X39=0,1,Z39/X39)) -> -0.063689835 | AB39: =+DD39 -> 228122 | AC39: =OFFSET(DD39,0,14,1,1) -> 241013 | AD39: =SUM(AC39-AB39) -> 12891 | AE39: =IF(AD39=0,0,IF(AB39=0,1,AD39/AB39)) -> 0.056509236 | AF39: =SUMIF($D$6:AE$6,AF$5,$D39:AE39) -> 892027 | AG39: =SUMIF($D$6:AF$6,AG$5,$D39:AF39) -> 862634 | AH39: =SUM(AG39-AF39) -> -29393 | AI39: =IF(AH39=0,0,IF(AF39=0,1,AH39/AF39)) -> -0.032950796 | AJ39: =+DE39 -> 244064 | AK39: =OFFSET(DE39,0,14,1,1) -> 292234 | AL39: =SUM(AK39-AJ39) -> 48170 | AM39: =IF(AL39=0,0,IF(AJ39=0,1,AL39/AJ39)) -> 0.19736626 | AN39: =SUMIF($D$6:AM$6,AN$5,$D39:AM39) -> 1136091 | AO39: =SUMIF($D$6:AN$6,AO$5,$D39:AN39) -> 1154868 | AP39: =SUM(AO39-AN39) -> 18777 | AQ39: =IF(AP39=0,0,IF(AN39=0,1,AP39/AN39)) -> 0.016527725 | AR39: =+DF39 -> 297507 | AS39: =OFFSET(DF39,0,14,1,1) -> 316335 | AT39: =SUM(AS39-AR39) -> 18828 | AU39: =IF(AT39=0,0,IF(AR39=0,1,AT39/AR39)) -> 0.063285906 | AV39: =SUMIF($D$6:AU$6,AV$5,$D39:AU39) -> 1433598 | AW39: =SUMIF($D$6:AV$6,AW$5,$D39:AV39) -> 1471203 | AX39: =SUM(AW39-AV39) -> 37605 | AY39: =IF(AX39=0,0,IF(AV39=0,1,AX39/AV39)) -> 0.026231203 | AZ39: =+DG39 -> 356905 | BA39: =OFFSET(DG39,0,14,1,1) -> 372778 | BB39: =SUM(BA39-AZ39) -> 15873 | BC39: =IF(BB39=0,0,IF(AZ39=0,1,BB39/AZ39)) -> 0.04447402 | BD39: =SUMIF($D$6:BC$6,BD$5,$D39:BC39) -> 1790503 | BE39: =SUMIF($D$6:BD$6,BE$5,$D39:BD39) -> 1843981 | BF39: =SUM(BE39-BD39) -> 53478 | BG39: =IF(BF39=0,0,IF(BD39=0,1,BF39/BD39)) -> 0.029867585 | BH39: =+DH39 -> 392910 | BI39: =OFFSET(DH39,0,14,1,1) -> 389468 | BJ39: =SUM(BI39-BH39) -> -3442 | BK39: =IF(BJ39=0,0,IF(BH39=0,1,BJ39/BH39)) -> -0.0087602759 | BL39: =SUMIF($D$6:BK$6,BL$5,$D39:BK39) -> 2183413 | BM39: =SUMIF($D$6:BL$6,BM$5,$D39:BL39) -> 2233449 | BN39: =SUM(BM39-BL39) -> 50036 | BO39: =IF(BN39=0,0,IF(BL39=0,1,BN39/BL39)) -> 0.022916416 | BP39: =+DI39 -> 289660 | BQ39: =OFFSET(DI39,0,14,1,1) -> 0 | BR39: =SUM(BQ39-BP39) -> -289660 | BS39: =IF(BR39=0,0,IF(BP39=0,1,BR39/BP39)) -> -1 | BT39: =SUMIF($D$6:BS$6,BT$5,$D39:BS39) -> 2473073 | BU39: =SUMIF($D$6:BT$6,BU$5,$D39:BT39) -> 2233449 | BV39: =SUM(BU39-BT39) -> -239624 | BW39: =IF(BV39=0,0,IF(BT39=0,1,BV39/BT39)) -> -0.096893217 | BX39: =+DJ39 -> 277376 | BY39: =OFFSET(DJ39,0,14,1,1) -> 0 | BZ39: =SUM(BY39-BX39) -> -277376 | CA39: =IF(BZ39=0,0,IF(BX39=0,1,BZ39/BX39)) -> -1 | CB39: =SUMIF($D$6:CA$6,CB$5,$D39:CA39) -> 2750449 | CC39: =SUMIF($D$6:CB$6,CC$5,$D39:CB39) -> 2233449 | CD39: =SUM(CC39-CB39) -> -517000 | CE39: =IF(CD39=0,0,IF(CB39=0,1,CD39/CB39)) -> -0.18796931 | CF39: =+DK39 -> 245981 | CG39: =OFFSET(DK39,0,14,1,1) -> 0 | CH39: =SUM(CG39-CF39) -> -245981 | CI39: =IF(CH39=0,0,IF(CF39=0,1,CH39/CF39)) -> -1 | CJ39: =SUMIF($D$6:CI$6,CJ$5,$D39:CI39) -> 2996430 | CK39: =SUMIF($D$6:CJ$6,CK$5,$D39:CJ39) -> 2233449 | CL39: =SUM(CK39-CJ39) -> -762981 | CM39: =IF(CL39=0,0,IF(CJ39=0,1,CL39/CJ39)) -> -0.25463001 | CN39: =+DL39 -> 231975 | CO39: =OFFSET(DL39,0,14,1,1) -> 0 | CP39: =SUM(CO39-CN39) -> -231975 | CQ39: =IF(CP39=0,0,IF(CN39=0,1,CP39/CN39)) -> -1 | CR39: =SUMIF($D$6:CQ$6,CR$5,$D39:CQ39) -> 3228405 | CS39: =SUMIF($D$6:CR$6,CS$5,$D39:CR39) -> 2233449 | CT39: =SUM(CS39-CR39) -> -994956 | CU39: =IF(CT39=0,0,IF(CR39=0,1,CT39/CR39)) -> -0.3081881 | CX39: Peace Bridge | CY39: Passenger Cars | DA39: =SUMIF(PB!$A$118:$A$138,Traffic!DA$7,PB!E$118:E$138) -> 225335 | DB39: =SUMIF(PB!$A$118:$A$138,Traffic!DB$7,PB!F$118:F$138) -> 193931 | DC39: =SUMIF(PB!$A$118:$A$138,Traffic!DC$7,PB!G$118:G$138) -> 244639 | DD39: =SUMIF(PB!$A$118:$A$138,Traffic!DD$7,PB!H$118:H$138) -> 228122 | DE39: =SUMIF(PB!$A$118:$A$138,Traffic!DE$7,PB!I$118:I$138) -> 244064 | DF39: =SUMIF(PB!$A$118:$A$138,Traffic!DF$7,PB!J$118:J$138) -> 297507 | DG39: =SUMIF(PB!$A$118:$A$138,Traffic!DG$7,PB!K$118:K$138) -> 356905 | DH39: =SUMIF(PB!$A$118:$A$138,Traffic!DH$7,PB!L$118:L$138) -> 392910 | ... DL39: =SUMIF(PB!$A$118:$A$138,Traffic!DL$7,PB!P$118:P$138) -> 231975 | DO39: =SUMIF(PB!$A$118:$A$138,Traffic!DO$7,PB!E$118:E$138) -> 194149 | DP39: =SUMIF(PB!$A$118:$A$138,Traffic!DP$7,PB!F$118:F$138) -> 188072 | DQ39: =SUMIF(PB!$A$118:$A$138,Traffic!DQ$7,PB!G$118:G$138) -> 239400 | DR39: =SUMIF(PB!$A$118:$A$138,Traffic!DR$7,PB!H$118:H$138) -> 241013 | DS39: =SUMIF(PB!$A$118:$A$138,Traffic!DS$7,PB!I$118:I$138) -> 292234 | DT39: =SUMIF(PB!$A$118:$A$138,Traffic!DT$7,PB!J$118:J$138) -> 316335 | DU39: =SUMIF(PB!$A$118:$A$138,Traffic!DU$7,PB!K$118:K$138) -> 372778 | DV39: =SUMIF(PB!$A$118:$A$138,Traffic!DV$7,PB!L$118:L$138) -> 389468 | ... DZ39: =SUMIF(PB!$A$118:$A$138,Traffic!DZ$7,PB!P$118:P$138) -> 0 | EB39: =SUM(DA39) -> 225335 | EC39: =SUM($DA39:DB39) -> 419266 | ED39: =SUM($DA39:DC39) -> 663905 | EE39: =SUM($DA39:DD39) -> 892027 | EF39: =SUM($DA39:DE39) -> 1136091 | EG39: =SUM($DA39:DF39) -> 1433598 | EH39: =SUM($DA39:DG39) -> 1790503 | EI39: =SUM($DA39:DH39) -> 2183413 | EJ39: =SUM($DA39:DI39) -> 2473073 | ... EM39: =SUM($DA39:DL39) -> 3228405 | EQ39: =SUM($DO39:DO39) -> 194149 | ER39: =SUM($DO39:DP39) -> 382221 | ES39: =SUM($DO39:DQ39) -> 621621 | ET39: =SUM($DO39:DR39) -> 862634 | EU39: =SUM($DO39:DS39) -> 1154868 | EV39: =SUM($DO39:DT39) -> 1471203 | EW39: =SUM($DO39:DU39) -> 1843981 | EX39: =SUM($DO39:DV39) -> 2233449 | ... FB39: =SUM($DO39:DZ39) -> 2233449 | FD39: =SUMIFS($DA39:$DZ39,$DA$8:$DZ$8,FD$7,$DA$7:$DZ$7,FD$8) -> 392910 | FE39: =SUMIFS($DA39:$DZ39,$DA$8:$DZ$8,FE$7,$DA$7:$DZ$7,FE$8) -> 389468 | FF39: =+FE39-FD39 -> -3442 | FG39: =IFERROR(FF39/FD39,1) -> -0.0087602759 | FI39: =SUMIFS($EB39:$FB39,$EB$8:$FB$8,FI$7,$EB$7:$FB$7,FI$8) -> 2183413 | FJ39: =SUMIFS($EB39:$FB39,$EB$8:$FB$8,FJ$7,$EB$7:$FB$7,FJ$8) -> 2233449 | FK39: =+FJ39-FI39 -> 50036 | FL39: =IFERROR(FK39/FI39,1) -> 0.022916416
A40: =+CX41 -> Peace Bridge | B40: PB | C40: Trucks | D40: =+DA40 -> 88474 | E40: =OFFSET(DA40,0,14,1,1) -> 73154 | F40: =SUM(E40-D40) -> -15320 | G40: =IF(F40=0,0,IF(D40=0,1,F40/D40)) -> -0.17315822 | H40: =SUMIF($D$6:G$6,H$5,$D40:G40) -> 88474 | I40: =SUMIF($D$6:H$6,I$5,$D40:H40) -> 73154 | J40: =SUM(I40-H40) -> -15320 | K40: =IF(J40=0,0,IF(H40=0,1,J40/H40)) -> -0.17315822 | L40: =+DB40 -> 80728 | M40: =OFFSET(DB40,0,14,1,1) -> 74801 | N40: =SUM(M40-L40) -> -5927 | O40: =IF(N40=0,0,IF(L40=0,1,N40/L40)) -> -0.073419384 | P40: =SUMIF($D$6:O$6,P$5,$D40:O40) -> 169202 | Q40: =SUMIF($D$6:P$6,Q$5,$D40:P40) -> 147955 | R40: =SUM(Q40-P40) -> -21247 | S40: =IF(R40=0,0,IF(P40=0,1,R40/P40)) -> -0.1255718 | T40: =+DC40 -> 91552 | U40: =OFFSET(DC40,0,14,1,1) -> 85936 | V40: =SUM(U40-T40) -> -5616 | W40: =IF(V40=0,0,IF(T40=0,1,V40/T40)) -> -0.061342188 | X40: =SUMIF($D$6:W$6,X$5,$D40:W40) -> 260754 | Y40: =SUMIF($D$6:X$6,Y$5,$D40:X40) -> 233891 | Z40: =SUM(Y40-X40) -> -26863 | AA40: =IF(Z40=0,0,IF(X40=0,1,Z40/X40)) -> -0.10302047 | AB40: =+DD40 -> 80631 | AC40: =OFFSET(DD40,0,14,1,1) -> 84219 | AD40: =SUM(AC40-AB40) -> 3588 | AE40: =IF(AD40=0,0,IF(AB40=0,1,AD40/AB40)) -> 0.044499014 | AF40: =SUMIF($D$6:AE$6,AF$5,$D40:AE40) -> 341385 | AG40: =SUMIF($D$6:AF$6,AG$5,$D40:AF40) -> 318110 | AH40: =SUM(AG40-AF40) -> -23275 | AI40: =IF(AH40=0,0,IF(AF40=0,1,AH40/AF40)) -> -0.068178157 | AJ40: =+DE40 -> 82561 | AK40: =OFFSET(DE40,0,14,1,1) -> 83838 | AL40: =SUM(AK40-AJ40) -> 1277 | AM40: =IF(AL40=0,0,IF(AJ40=0,1,AL40/AJ40)) -> 0.015467351 | AN40: =SUMIF($D$6:AM$6,AN$5,$D40:AM40) -> 423946 | AO40: =SUMIF($D$6:AN$6,AO$5,$D40:AN40) -> 401948 | AP40: =SUM(AO40-AN40) -> -21998 | AQ40: =IF(AP40=0,0,IF(AN40=0,1,AP40/AN40)) -> -0.051888684 | AR40: =+DF40 -> 84289 | AS40: =OFFSET(DF40,0,14,1,1) -> 85378 | AT40: =SUM(AS40-AR40) -> 1089 | AU40: =IF(AT40=0,0,IF(AR40=0,1,AT40/AR40)) -> 0.012919835 | AV40: =SUMIF($D$6:AU$6,AV$5,$D40:AU40) -> 508235 | AW40: =SUMIF($D$6:AV$6,AW$5,$D40:AV40) -> 487326 | AX40: =SUM(AW40-AV40) -> -20909 | AY40: =IF(AX40=0,0,IF(AV40=0,1,AX40/AV40)) -> -0.041140417 | AZ40: =+DG40 -> 86078 | BA40: =OFFSET(DG40,0,14,1,1) -> 85208 | BB40: =SUM(BA40-AZ40) -> -870 | BC40: =IF(BB40=0,0,IF(AZ40=0,1,BB40/AZ40)) -> -0.010107112 | BD40: =SUMIF($D$6:BC$6,BD$5,$D40:BC40) -> 594313 | BE40: =SUMIF($D$6:BD$6,BE$5,$D40:BD40) -> 572534 | BF40: =SUM(BE40-BD40) -> -21779 | BG40: =IF(BF40=0,0,IF(BD40=0,1,BF40/BD40)) -> -0.036645673 | BH40: =+DH40 -> 83894 | BI40: =OFFSET(DH40,0,14,1,1) -> 83501 | BJ40: =SUM(BI40-BH40) -> -393 | BK40: =IF(BJ40=0,0,IF(BH40=0,1,BJ40/BH40)) -> -0.0046844828 | BL40: =SUMIF($D$6:BK$6,BL$5,$D40:BK40) -> 678207 | BM40: =SUMIF($D$6:BL$6,BM$5,$D40:BL40) -> 656035 | BN40: =SUM(BM40-BL40) -> -22172 | BO40: =IF(BN40=0,0,IF(BL40=0,1,BN40/BL40)) -> -0.032692084 | BP40: =+DI40 -> 86197 | BQ40: =OFFSET(DI40,0,14,1,1) -> 0 | BR40: =SUM(BQ40-BP40) -> -86197 | BS40: =IF(BR40=0,0,IF(BP40=0,1,BR40/BP40)) -> -1 | BT40: =SUMIF($D$6:BS$6,BT$5,$D40:BS40) -> 764404 | BU40: =SUMIF($D$6:BT$6,BU$5,$D40:BT40) -> 656035 | BV40: =SUM(BU40-BT40) -> -108369 | BW40: =IF(BV40=0,0,IF(BT40=0,1,BV40/BT40)) -> -0.14176927 | BX40: =+DJ40 -> 90480 | BY40: =OFFSET(DJ40,0,14,1,1) -> 0 | BZ40: =SUM(BY40-BX40) -> -90480 | CA40: =IF(BZ40=0,0,IF(BX40=0,1,BZ40/BX40)) -> -1 | CB40: =SUMIF($D$6:CA$6,CB$5,$D40:CA40) -> 854884 | CC40: =SUMIF($D$6:CB$6,CC$5,$D40:CB40) -> 656035 | CD40: =SUM(CC40-CB40) -> -198849 | CE40: =IF(CD40=0,0,IF(CB40=0,1,CD40/CB40)) -> -0.23260349 | CF40: =+DK40 -> 79281 | CG40: =OFFSET(DK40,0,14,1,1) -> 0 | CH40: =SUM(CG40-CF40) -> -79281 | CI40: =IF(CH40=0,0,IF(CF40=0,1,CH40/CF40)) -> -1 | CJ40: =SUMIF($D$6:CI$6,CJ$5,$D40:CI40) -> 934165 | CK40: =SUMIF($D$6:CJ$6,CK$5,$D40:CJ40) -> 656035 | CL40: =SUM(CK40-CJ40) -> -278130 | CM40: =IF(CL40=0,0,IF(CJ40=0,1,CL40/CJ40)) -> -0.29773113 | CN40: =+DL40 -> 74852 | CO40: =OFFSET(DL40,0,14,1,1) -> 0 | CP40: =SUM(CO40-CN40) -> -74852 | CQ40: =IF(CP40=0,0,IF(CN40=0,1,CP40/CN40)) -> -1 | CR40: =SUMIF($D$6:CQ$6,CR$5,$D40:CQ40) -> 1009017 | CS40: =SUMIF($D$6:CR$6,CS$5,$D40:CR40) -> 656035 | CT40: =SUM(CS40-CR40) -> -352982 | CU40: =IF(CT40=0,0,IF(CR40=0,1,CT40/CR40)) -> -0.3498276 | CX40: Peace Bridge | CY40: Trucks | DA40: =SUMIF(PB!$A$141:$A$161,Traffic!DA$7,PB!E$141:E$161) -> 88474 | DB40: =SUMIF(PB!$A$141:$A$161,Traffic!DB$7,PB!F$141:F$161) -> 80728 | DC40: =SUMIF(PB!$A$141:$A$161,Traffic!DC$7,PB!G$141:G$161) -> 91552 | DD40: =SUMIF(PB!$A$141:$A$161,Traffic!DD$7,PB!H$141:H$161) -> 80631 | DE40: =SUMIF(PB!$A$141:$A$161,Traffic!DE$7,PB!I$141:I$161) -> 82561 | DF40: =SUMIF(PB!$A$141:$A$161,Traffic!DF$7,PB!J$141:J$161) -> 84289 | DG40: =SUMIF(PB!$A$141:$A$161,Traffic!DG$7,PB!K$141:K$161) -> 86078 | DH40: =SUMIF(PB!$A$141:$A$161,Traffic!DH$7,PB!L$141:L$161) -> 83894 | ... DL40: =SUMIF(PB!$A$141:$A$161,Traffic!DL$7,PB!P$141:P$161) -> 74852 | DO40: =SUMIF(PB!$A$141:$A$161,Traffic!DO$7,PB!E$141:E$161) -> 73154 | DP40: =SUMIF(PB!$A$141:$A$161,Traffic!DP$7,PB!F$141:F$161) -> 74801 | DQ40: =SUMIF(PB!$A$141:$A$161,Traffic!DQ$7,PB!G$141:G$161) -> 85936 | DR40: =SUMIF(PB!$A$141:$A$161,Traffic!DR$7,PB!H$141:H$161) -> 84219 | DS40: =SUMIF(PB!$A$141:$A$161,Traffic!DS$7,PB!I$141:I$161) -> 83838 | DT40: =SUMIF(PB!$A$141:$A$161,Traffic!DT$7,PB!J$141:J$161) -> 85378 | DU40: =SUMIF(PB!$A$141:$A$161,Traffic!DU$7,PB!K$141:K$161) -> 85208 | DV40: =SUMIF(PB!$A$141:$A$161,Traffic!DV$7,PB!L$141:L$161) -> 83501 | ... DZ40: =SUMIF(PB!$A$141:$A$161,Traffic!DZ$7,PB!P$141:P$161) -> 0 | EB40: =SUM(DA40) -> 88474 | EC40: =SUM($DA40:DB40) -> 169202 | ED40: =SUM($DA40:DC40) -> 260754 | EE40: =SUM($DA40:DD40) -> 341385 | EF40: =SUM($DA40:DE40) -> 423946 | EG40: =SUM($DA40:DF40) -> 508235 | EH40: =SUM($DA40:DG40) -> 594313 | EI40: =SUM($DA40:DH40) -> 678207 | EJ40: =SUM($DA40:DI40) -> 764404 | ... EM40: =SUM($DA40:DL40) -> 1009017 | EQ40: =SUM($DO40:DO40) -> 73154 | ER40: =SUM($DO40:DP40) -> 147955 | ES40: =SUM($DO40:DQ40) -> 233891 | ET40: =SUM($DO40:DR40) -> 318110 | EU40: =SUM($DO40:DS40) -> 401948 | EV40: =SUM($DO40:DT40) -> 487326 | EW40: =SUM($DO40:DU40) -> 572534 | EX40: =SUM($DO40:DV40) -> 656035 | ... FB40: =SUM($DO40:DZ40) -> 656035 | FD40: =SUMIFS($DA40:$DZ40,$DA$8:$DZ$8,FD$7,$DA$7:$DZ$7,FD$8) -> 83894 | FE40: =SUMIFS($DA40:$DZ40,$DA$8:$DZ$8,FE$7,$DA$7:$DZ$7,FE$8) -> 83501 | FF40: =+FE40-FD40 -> -393 | FG40: =IFERROR(FF40/FD40,1) -> -0.0046844828 | FI40: =SUMIFS($EB40:$FB40,$EB$8:$FB$8,FI$7,$EB$7:$FB$7,FI$8) -> 678207 | FJ40: =SUMIFS($EB40:$FB40,$EB$8:$FB$8,FJ$7,$EB$7:$FB$7,FJ$8) -> 656035 | FK40: =+FJ40-FI40 -> -22172 | FL40: =IFERROR(FK40/FI40,1) -> -0.032692084
B41: PB | C41: Buses & Misc. | D41: =+DA41 -> 496 | E41: =OFFSET(DA41,0,14,1,1) -> 444 | F41: =SUM(E41-D41) -> -52 | G41: =IF(F41=0,0,IF(D41=0,1,F41/D41)) -> -0.10483871 | H41: =SUMIF($D$6:G$6,H$5,$D41:G41) -> 496 | I41: =SUMIF($D$6:H$6,I$5,$D41:H41) -> 444 | J41: =SUM(I41-H41) -> -52 | K41: =IF(J41=0,0,IF(H41=0,1,J41/H41)) -> -0.10483871 | L41: =+DB41 -> 452 | M41: =OFFSET(DB41,0,14,1,1) -> 432 | N41: =SUM(M41-L41) -> -20 | O41: =IF(N41=0,0,IF(L41=0,1,N41/L41)) -> -0.044247788 | P41: =SUMIF($D$6:O$6,P$5,$D41:O41) -> 948 | Q41: =SUMIF($D$6:P$6,Q$5,$D41:P41) -> 876 | R41: =SUM(Q41-P41) -> -72 | S41: =IF(R41=0,0,IF(P41=0,1,R41/P41)) -> -0.075949367 | T41: =+DC41 -> 600 | U41: =OFFSET(DC41,0,14,1,1) -> 536 | V41: =SUM(U41-T41) -> -64 | W41: =IF(V41=0,0,IF(T41=0,1,V41/T41)) -> -0.10666667 | X41: =SUMIF($D$6:W$6,X$5,$D41:W41) -> 1548 | Y41: =SUMIF($D$6:X$6,Y$5,$D41:X41) -> 1412 | Z41: =SUM(Y41-X41) -> -136 | AA41: =IF(Z41=0,0,IF(X41=0,1,Z41/X41)) -> -0.087855297 | AB41: =+DD41 -> 564 | AC41: =OFFSET(DD41,0,14,1,1) -> 518 | AD41: =SUM(AC41-AB41) -> -46 | AE41: =IF(AD41=0,0,IF(AB41=0,1,AD41/AB41)) -> -0.081560284 | AF41: =SUMIF($D$6:AE$6,AF$5,$D41:AE41) -> 2112 | AG41: =SUMIF($D$6:AF$6,AG$5,$D41:AF41) -> 1930 | AH41: =SUM(AG41-AF41) -> -182 | AI41: =IF(AH41=0,0,IF(AF41=0,1,AH41/AF41)) -> -0.086174242 | AJ41: =+DE41 -> 584 | AK41: =OFFSET(DE41,0,14,1,1) -> 558 | AL41: =SUM(AK41-AJ41) -> -26 | AM41: =IF(AL41=0,0,IF(AJ41=0,1,AL41/AJ41)) -> -0.044520548 | AN41: =SUMIF($D$6:AM$6,AN$5,$D41:AM41) -> 2696 | AO41: =SUMIF($D$6:AN$6,AO$5,$D41:AN41) -> 2488 | AP41: =SUM(AO41-AN41) -> -208 | AQ41: =IF(AP41=0,0,IF(AN41=0,1,AP41/AN41)) -> -0.077151335 | AR41: =+DF41 -> 652 | AS41: =OFFSET(DF41,0,14,1,1) -> 642 | AT41: =SUM(AS41-AR41) -> -10 | AU41: =IF(AT41=0,0,IF(AR41=0,1,AT41/AR41)) -> -0.015337423 | AV41: =SUMIF($D$6:AU$6,AV$5,$D41:AU41) -> 3348 | AW41: =SUMIF($D$6:AV$6,AW$5,$D41:AV41) -> 3130 | AX41: =SUM(AW41-AV41) -> -218 | AY41: =IF(AX41=0,0,IF(AV41=0,1,AX41/AV41)) -> -0.065113501 | AZ41: =+DG41 -> 652 | BA41: =OFFSET(DG41,0,14,1,1) -> 704 | BB41: =SUM(BA41-AZ41) -> 52 | BC41: =IF(BB41=0,0,IF(AZ41=0,1,BB41/AZ41)) -> 0.079754601 | BD41: =SUMIF($D$6:BC$6,BD$5,$D41:BC41) -> 4000 | BE41: =SUMIF($D$6:BD$6,BE$5,$D41:BD41) -> 3834 | BF41: =SUM(BE41-BD41) -> -166 | BG41: =IF(BF41=0,0,IF(BD41=0,1,BF41/BD41)) -> -0.0415 | BH41: =+DH41 -> 744 | BI41: =OFFSET(DH41,0,14,1,1) -> 760 | BJ41: =SUM(BI41-BH41) -> 16 | BK41: =IF(BJ41=0,0,IF(BH41=0,1,BJ41/BH41)) -> 0.021505376 | BL41: =SUMIF($D$6:BK$6,BL$5,$D41:BK41) -> 4744 | BM41: =SUMIF($D$6:BL$6,BM$5,$D41:BL41) -> 4594 | BN41: =SUM(BM41-BL41) -> -150 | BO41: =IF(BN41=0,0,IF(BL41=0,1,BN41/BL41)) -> -0.031618887 | BP41: =+DI41 -> 736 | BQ41: =OFFSET(DI41,0,14,1,1) -> 0 | BR41: =SUM(BQ41-BP41) -> -736 | BS41: =IF(BR41=0,0,IF(BP41=0,1,BR41/BP41)) -> -1 | BT41: =SUMIF($D$6:BS$6,BT$5,$D41:BS41) -> 5480 | BU41: =SUMIF($D$6:BT$6,BU$5,$D41:BT41) -> 4594 | BV41: =SUM(BU41-BT41) -> -886 | BW41: =IF(BV41=0,0,IF(BT41=0,1,BV41/BT41)) -> -0.16167883 | BX41: =+DJ41 -> 592 | BY41: =OFFSET(DJ41,0,14,1,1) -> 0 | BZ41: =SUM(BY41-BX41) -> -592 | CA41: =IF(BZ41=0,0,IF(BX41=0,1,BZ41/BX41)) -> -1 | CB41: =SUMIF($D$6:CA$6,CB$5,$D41:CA41) -> 6072 | CC41: =SUMIF($D$6:CB$6,CC$5,$D41:CB41) -> 4594 | CD41: =SUM(CC41-CB41) -> -1478 | CE41: =IF(CD41=0,0,IF(CB41=0,1,CD41/CB41)) -> -0.24341238 | CF41: =+DK41 -> 554 | CG41: =OFFSET(DK41,0,14,1,1) -> 0 | CH41: =SUM(CG41-CF41) -> -554 | CI41: =IF(CH41=0,0,IF(CF41=0,1,CH41/CF41)) -> -1 | CJ41: =SUMIF($D$6:CI$6,CJ$5,$D41:CI41) -> 6626 | CK41: =SUMIF($D$6:CJ$6,CK$5,$D41:CJ41) -> 4594 | CL41: =SUM(CK41-CJ41) -> -2032 | CM41: =IF(CL41=0,0,IF(CJ41=0,1,CL41/CJ41)) -> -0.30667069 | CN41: =+DL41 -> 458 | CO41: =OFFSET(DL41,0,14,1,1) -> 0 | CP41: =SUM(CO41-CN41) -> -458 | CQ41: =IF(CP41=0,0,IF(CN41=0,1,CP41/CN41)) -> -1 | CR41: =SUMIF($D$6:CQ$6,CR$5,$D41:CQ41) -> 7084 | CS41: =SUMIF($D$6:CR$6,CS$5,$D41:CR41) -> 4594 | CT41: =SUM(CS41-CR41) -> -2490 | CU41: =IF(CT41=0,0,IF(CR41=0,1,CT41/CR41)) -> -0.35149633 | CX41: Peace Bridge | CY41: Buses & Misc. | DA41: =SUMIF(PB!$A$164:$A$184,Traffic!DA$7,PB!E$164:E$184) -> 496 | DB41: =SUMIF(PB!$A$164:$A$184,Traffic!DB$7,PB!F$164:F$184) -> 452 | DC41: =SUMIF(PB!$A$164:$A$184,Traffic!DC$7,PB!G$164:G$184) -> 600 | DD41: =SUMIF(PB!$A$164:$A$184,Traffic!DD$7,PB!H$164:H$184) -> 564 | DE41: =SUMIF(PB!$A$164:$A$184,Traffic!DE$7,PB!I$164:I$184) -> 584 | DF41: =SUMIF(PB!$A$164:$A$184,Traffic!DF$7,PB!J$164:J$184) -> 652 | DG41: =SUMIF(PB!$A$164:$A$184,Traffic!DG$7,PB!K$164:K$184) -> 652 | DH41: =SUMIF(PB!$A$164:$A$184,Traffic!DH$7,PB!L$164:L$184) -> 744 | ... DL41: =SUMIF(PB!$A$164:$A$184,Traffic!DL$7,PB!P$164:P$184) -> 458 | DO41: =SUMIF(PB!$A$164:$A$184,Traffic!DO$7,PB!E$164:E$184) -> 444 | DP41: =SUMIF(PB!$A$164:$A$184,Traffic!DP$7,PB!F$164:F$184) -> 432 | DQ41: =SUMIF(PB!$A$164:$A$184,Traffic!DQ$7,PB!G$164:G$184) -> 536 | DR41: =SUMIF(PB!$A$164:$A$184,Traffic!DR$7,PB!H$164:H$184) -> 518 | DS41: =SUMIF(PB!$A$164:$A$184,Traffic!DS$7,PB!I$164:I$184) -> 558 | DT41: =SUMIF(PB!$A$164:$A$184,Traffic!DT$7,PB!J$164:J$184) -> 642 | DU41: =SUMIF(PB!$A$164:$A$184,Traffic!DU$7,PB!K$164:K$184) -> 704 | DV41: =SUMIF(PB!$A$164:$A$184,Traffic!DV$7,PB!L$164:L$184) -> 760 | ... DZ41: =SUMIF(PB!$A$164:$A$184,Traffic!DZ$7,PB!P$164:P$184) -> 0 | EB41: =SUM(DA41) -> 496 | EC41: =SUM($DA41:DB41) -> 948 | ED41: =SUM($DA41:DC41) -> 1548 | EE41: =SUM($DA41:DD41) -> 2112 | EF41: =SUM($DA41:DE41) -> 2696 | EG41: =SUM($DA41:DF41) -> 3348 | EH41: =SUM($DA41:DG41) -> 4000 | EI41: =SUM($DA41:DH41) -> 4744 | EJ41: =SUM($DA41:DI41) -> 5480 | ... EM41: =SUM($DA41:DL41) -> 7084 | EQ41: =SUM($DO41:DO41) -> 444 | ER41: =SUM($DO41:DP41) -> 876 | ES41: =SUM($DO41:DQ41) -> 1412 | ET41: =SUM($DO41:DR41) -> 1930 | EU41: =SUM($DO41:DS41) -> 2488 | EV41: =SUM($DO41:DT41) -> 3130 | EW41: =SUM($DO41:DU41) -> 3834 | EX41: =SUM($DO41:DV41) -> 4594 | ... FB41: =SUM($DO41:DZ41) -> 4594 | FD41: =SUMIFS($DA41:$DZ41,$DA$8:$DZ$8,FD$7,$DA$7:$DZ$7,FD$8) -> 744 | FE41: =SUMIFS($DA41:$DZ41,$DA$8:$DZ$8,FE$7,$DA$7:$DZ$7,FE$8) -> 760 | FF41: =+FE41-FD41 -> 16 | FG41: =IFERROR(FF41/FD41,1) -> 0.021505376 | FI41: =SUMIFS($EB41:$FB41,$EB$8:$FB$8,FI$7,$EB$7:$FB$7,FI$8) -> 4744 | FJ41: =SUMIFS($EB41:$FB41,$EB$8:$FB$8,FJ$7,$EB$7:$FB$7,FJ$8) -> 4594 | FK41: =+FJ41-FI41 -> -150 | FL41: =IFERROR(FK41/FI41,1) -> -0.031618887
B42: PB | C42: TOTAL | D42: =+SUM(D39:D41) -> 314305 | E42: =+SUM(E39:E41) -> 267747 | F42: =SUM(F39:F41) -> -46558 | G42: =IF(F42=0,0,IF(D42=0,1,F42/D42)) -> -0.14813 | H42: =SUM(H39:H41) -> 314305 | I42: =SUM(I39:I41) -> 267747 | J42: =SUM(J39:J41) -> -46558 | K42: =IF(J42=0,0,IF(H42=0,1,J42/H42)) -> -0.14813 | L42: =+SUM(L39:L41) -> 275111 | M42: =+SUM(M39:M41) -> 263305 | N42: =SUM(N39:N41) -> -11806 | O42: =IF(N42=0,0,IF(L42=0,1,N42/L42)) -> -0.042913588 | P42: =SUM(P39:P41) -> 589416 | Q42: =SUM(Q39:Q41) -> 531052 | R42: =SUM(R39:R41) -> -58364 | S42: =IF(R42=0,0,IF(P42=0,1,R42/P42)) -> -0.099020047 | T42: =+SUM(T39:T41) -> 336791 | U42: =+SUM(U39:U41) -> 325872 | V42: =SUM(V39:V41) -> -10919 | W42: =IF(V42=0,0,IF(T42=0,1,V42/T42)) -> -0.0324207 | X42: =SUM(X39:X41) -> 926207 | Y42: =SUM(Y39:Y41) -> 856924 | Z42: =SUM(Z39:Z41) -> -69283 | AA42: =IF(Z42=0,0,IF(X42=0,1,Z42/X42)) -> -0.074802933 | AB42: =+SUM(AB39:AB41) -> 309317 | AC42: =+SUM(AC39:AC41) -> 325750 | AD42: =SUM(AD39:AD41) -> 16433 | AE42: =IF(AD42=0,0,IF(AB42=0,1,AD42/AB42)) -> 0.053126728 | AF42: =SUM(AF39:AF41) -> 1235524 | AG42: =SUM(AG39:AG41) -> 1182674 | AH42: =SUM(AH39:AH41) -> -52850 | AI42: =IF(AH42=0,0,IF(AF42=0,1,AH42/AF42)) -> -0.042775373 | AJ42: =+SUM(AJ39:AJ41) -> 327209 | AK42: =+SUM(AK39:AK41) -> 376630 | AL42: =SUM(AL39:AL41) -> 49421 | AM42: =IF(AL42=0,0,IF(AJ42=0,1,AL42/AJ42)) -> 0.15103802 | AN42: =SUM(AN39:AN41) -> 1562733 | AO42: =SUM(AO39:AO41) -> 1559304 | AP42: =SUM(AP39:AP41) -> -3429 | AQ42: =IF(AP42=0,0,IF(AN42=0,1,AP42/AN42)) -> -0.0021942328 | AR42: =+SUM(AR39:AR41) -> 382448 | AS42: =+SUM(AS39:AS41) -> 402355 | AT42: =SUM(AT39:AT41) -> 19907 | AU42: =IF(AT42=0,0,IF(AR42=0,1,AT42/AR42)) -> 0.052051521 | AV42: =SUM(AV39:AV41) -> 1945181 | AW42: =SUM(AW39:AW41) -> 1961659 | AX42: =SUM(AX39:AX41) -> 16478 | AY42: =IF(AX42=0,0,IF(AV42=0,1,AX42/AV42)) -> 0.0084711911 | AZ42: =+SUM(AZ39:AZ41) -> 443635 | BA42: =+SUM(BA39:BA41) -> 458690 | BB42: =SUM(BB39:BB41) -> 15055 | BC42: =IF(BB42=0,0,IF(AZ42=0,1,BB42/AZ42)) -> 0.033935555 | BD42: =SUM(BD39:BD41) -> 2388816 | BE42: =SUM(BE39:BE41) -> 2420349 | BF42: =SUM(BF39:BF41) -> 31533 | BG42: =IF(BF42=0,0,IF(BD42=0,1,BF42/BD42)) -> 0.013200263 | BH42: =+SUM(BH39:BH41) -> 477548 | BI42: =+SUM(BI39:BI41) -> 473729 | BJ42: =SUM(BJ39:BJ41) -> -3819 | BK42: =IF(BJ42=0,0,IF(BH42=0,1,BJ42/BH42)) -> -0.0079971019 | BL42: =SUM(BL39:BL41) -> 2866364 | BM42: =SUM(BM39:BM41) -> 2894078 | BN42: =SUM(BN39:BN41) -> 27714 | BO42: =IF(BN42=0,0,IF(BL42=0,1,BN42/BL42)) -> 0.0096686953 | BP42: =+SUM(BP39:BP41) -> 376593 | BQ42: =+SUM(BQ39:BQ41) -> 0 | BR42: =SUM(BR39:BR41) -> -376593 | BS42: =IF(BR42=0,0,IF(BP42=0,1,BR42/BP42)) -> -1 | BT42: =SUM(BT39:BT41) -> 3242957 | BU42: =SUM(BU39:BU41) -> 2894078 | BV42: =SUM(BV39:BV41) -> -348879 | BW42: =IF(BV42=0,0,IF(BT42=0,1,BV42/BT42)) -> -0.10758052 | BX42: =+SUM(BX39:BX41) -> 368448 | BY42: =+SUM(BY39:BY41) -> 0 | BZ42: =SUM(BZ39:BZ41) -> -368448 | CA42: =IF(BZ42=0,0,IF(BX42=0,1,BZ42/BX42)) -> -1 | CB42: =SUM(CB39:CB41) -> 3611405 | CC42: =SUM(CC39:CC41) -> 2894078 | CD42: =SUM(CD39:CD41) -> -717327 | CE42: =IF(CD42=0,0,IF(CB42=0,1,CD42/CB42)) -> -0.19862823 | CF42: =+SUM(CF39:CF41) -> 325816 | CG42: =+SUM(CG39:CG41) -> 0 | CH42: =SUM(CH39:CH41) -> -325816 | CI42: =IF(CH42=0,0,IF(CF42=0,1,CH42/CF42)) -> -1 | CJ42: =SUM(CJ39:CJ41) -> 3937221 | CK42: =SUM(CK39:CK41) -> 2894078 | CL42: =SUM(CL39:CL41) -> -1043143 | CM42: =IF(CL42=0,0,IF(CJ42=0,1,CL42/CJ42)) -> -0.26494398 | CN42: =+SUM(CN39:CN41) -> 307285 | CO42: =+SUM(CO39:CO41) -> 0 | CP42: =SUM(CP39:CP41) -> -307285 | CQ42: =IF(CP42=0,0,IF(CN42=0,1,CP42/CN42)) -> -1 | CR42: =SUM(CR39:CR41) -> 4244506 | CS42: =SUM(CS39:CS41) -> 2894078 | CT42: =SUM(CT39:CT41) -> -1350428 | CU42: =IF(CT42=0,0,IF(CR42=0,1,CT42/CR42)) -> -0.31815905 | CY42: Total | DA42: =SUM(DA39:DA41) -> 314305 | DB42: =SUM(DB39:DB41) -> 275111 | DC42: =SUM(DC39:DC41) -> 336791 | DD42: =SUM(DD39:DD41) -> 309317 | DE42: =SUM(DE39:DE41) -> 327209 | DF42: =SUM(DF39:DF41) -> 382448 | DG42: =SUM(DG39:DG41) -> 443635 | DH42: =SUM(DH39:DH41) -> 477548 | ... DL42: =SUM(DL39:DL41) -> 307285 | DO42: =SUM(DO39:DO41) -> 267747 | DP42: =SUM(DP39:DP41) -> 263305 | DQ42: =SUM(DQ39:DQ41) -> 325872 | DR42: =SUM(DR39:DR41) -> 325750 | DS42: =SUM(DS39:DS41) -> 376630 | DT42: =SUM(DT39:DT41) -> 402355 | DU42: =SUM(DU39:DU41) -> 458690 | DV42: =SUM(DV39:DV41) -> 473729 | ... DZ42: =SUM(DZ39:DZ41) -> 0 | EB42: =SUM(DA42) -> 314305 | EC42: =SUM($DA42:DB42) -> 589416 | ED42: =SUM($DA42:DC42) -> 926207 | EE42: =SUM($DA42:DD42) -> 1235524 | EF42: =SUM($DA42:DE42) -> 1562733 | EG42: =SUM($DA42:DF42) -> 1945181 | EH42: =SUM($DA42:DG42) -> 2388816 | EI42: =SUM($DA42:DH42) -> 2866364 | EJ42: =SUM($DA42:DI42) -> 3242957 | ... EM42: =SUM($DA42:DL42) -> 4244506 | EQ42: =SUM($DO42:DO42) -> 267747 | ER42: =SUM($DO42:DP42) -> 531052 | ES42: =SUM($DO42:DQ42) -> 856924 | ET42: =SUM($DO42:DR42) -> 1182674 | EU42: =SUM($DO42:DS42) -> 1559304 | EV42: =SUM($DO42:DT42) -> 1961659 | EW42: =SUM($DO42:DU42) -> 2420349 | EX42: =SUM($DO42:DV42) -> 2894078 | ... FB42: =SUM($DO42:DZ42) -> 2894078 | FD42: =SUMIFS($DA42:$DZ42,$DA$8:$DZ$8,FD$7,$DA$7:$DZ$7,FD$8) -> 477548 | FE42: =SUMIFS($DA42:$DZ42,$DA$8:$DZ$8,FE$7,$DA$7:$DZ$7,FE$8) -> 473729 | FF42: =+FE42-FD42 -> -3819 | FG42: =IFERROR(FF42/FD42,1) -> -0.0079971019 | FI42: =SUMIFS($EB42:$FB42,$EB$8:$FB$8,FI$7,$EB$7:$FB$7,FI$8) -> 2866364 | FJ42: =SUMIFS($EB42:$FB42,$EB$8:$FB$8,FJ$7,$EB$7:$FB$7,FJ$8) -> 2894078 | FK42: =+FJ42-FI42 -> 27714 | FL42: =IFERROR(FK42/FI42,1) -> 0.0096686953
B44: IBA | C44: Passenger Cars | D44: =+DA44 -> 63574 | E44: =OFFSET(DA44,0,14,1,1) -> 48882 | F44: =SUM(E44-D44) -> -14692 | G44: =IF(F44=0,0,IF(D44=0,1,F44/D44)) -> -0.23110076 | H44: =SUMIF($D$6:G$6,H$5,$D44:G44) -> 63574 | I44: =SUMIF($D$6:H$6,I$5,$D44:H44) -> 48882 | J44: =SUM(I44-H44) -> -14692 | K44: =IF(J44=0,0,IF(H44=0,1,J44/H44)) -> -0.23110076 | L44: =+DB44 -> 53354 | M44: =OFFSET(DB44,0,14,1,1) -> 48602 | N44: =SUM(M44-L44) -> -4752 | O44: =IF(N44=0,0,IF(L44=0,1,N44/L44)) -> -0.089065487 | P44: =SUMIF($D$6:O$6,P$5,$D44:O44) -> 116928 | Q44: =SUMIF($D$6:P$6,Q$5,$D44:P44) -> 97484 | R44: =SUM(Q44-P44) -> -19444 | S44: =IF(R44=0,0,IF(P44=0,1,R44/P44)) -> -0.16629037 | T44: =+DC44 -> 49699 | U44: =OFFSET(DC44,0,14,1,1) -> 51348 | V44: =SUM(U44-T44) -> 1649 | W44: =IF(V44=0,0,IF(T44=0,1,V44/T44)) -> 0.033179742 | X44: =SUMIF($D$6:W$6,X$5,$D44:W44) -> 166627 | Y44: =SUMIF($D$6:X$6,Y$5,$D44:X44) -> 148832 | Z44: =SUM(Y44-X44) -> -17795 | AA44: =IF(Z44=0,0,IF(X44=0,1,Z44/X44)) -> -0.10679542 | AB44: =+DD44 -> 44908 | AC44: =OFFSET(DD44,0,14,1,1) -> 53154 | AD44: =SUM(AC44-AB44) -> 8246 | AE44: =IF(AD44=0,0,IF(AB44=0,1,AD44/AB44)) -> 0.18361985 | AF44: =SUMIF($D$6:AE$6,AF$5,$D44:AE44) -> 211535 | AG44: =SUMIF($D$6:AF$6,AG$5,$D44:AF44) -> 201986 | AH44: =SUM(AG44-AF44) -> -9549 | AI44: =IF(AH44=0,0,IF(AF44=0,1,AH44/AF44)) -> -0.045141466 | AJ44: =+DE44 -> 56795 | AK44: =OFFSET(DE44,0,14,1,1) -> 65183 | AL44: =SUM(AK44-AJ44) -> 8388 | AM44: =IF(AL44=0,0,IF(AJ44=0,1,AL44/AJ44)) -> 0.14768906 | AN44: =SUMIF($D$6:AM$6,AN$5,$D44:AM44) -> 268330 | AO44: =SUMIF($D$6:AN$6,AO$5,$D44:AN44) -> 267169 | AP44: =SUM(AO44-AN44) -> -1161 | AQ44: =IF(AP44=0,0,IF(AN44=0,1,AP44/AN44)) -> -0.0043267618 | AR44: =+DF44 -> 65592 | AS44: =OFFSET(DF44,0,14,1,1) -> 72416 | AT44: =SUM(AS44-AR44) -> 6824 | AU44: =IF(AT44=0,0,IF(AR44=0,1,AT44/AR44)) -> 0.10403708 | AV44: =SUMIF($D$6:AU$6,AV$5,$D44:AU44) -> 333922 | AW44: =SUMIF($D$6:AV$6,AW$5,$D44:AV44) -> 339585 | AX44: =SUM(AW44-AV44) -> 5663 | AY44: =IF(AX44=0,0,IF(AV44=0,1,AX44/AV44)) -> 0.01695905 | AZ44: =+DG44 -> 81511 | BA44: =OFFSET(DG44,0,14,1,1) -> 86216 | BB44: =SUM(BA44-AZ44) -> 4705 | BC44: =IF(BB44=0,0,IF(AZ44=0,1,BB44/AZ44)) -> 0.057722271 | BD44: =SUMIF($D$6:BC$6,BD$5,$D44:BC44) -> 415433 | BE44: =SUMIF($D$6:BD$6,BE$5,$D44:BD44) -> 425801 | BF44: =SUM(BE44-BD44) -> 10368 | BG44: =IF(BF44=0,0,IF(BD44=0,1,BF44/BD44)) -> 0.024957093 | BH44: =+DH44 -> 85833 | BI44: =OFFSET(DH44,0,14,1,1) -> 89431 | BJ44: =SUM(BI44-BH44) -> 3598 | BK44: =IF(BJ44=0,0,IF(BH44=0,1,BJ44/BH44)) -> 0.041918609 | BL44: =SUMIF($D$6:BK$6,BL$5,$D44:BK44) -> 501266 | BM44: =SUMIF($D$6:BL$6,BM$5,$D44:BL44) -> 515232 | BN44: =SUM(BM44-BL44) -> 13966 | BO44: =IF(BN44=0,0,IF(BL44=0,1,BN44/BL44)) -> 0.027861455 | BP44: =+DI44 -> 72380 | BQ44: =OFFSET(DI44,0,14,1,1) -> 0 | BR44: =SUM(BQ44-BP44) -> -72380 | BS44: =IF(BR44=0,0,IF(BP44=0,1,BR44/BP44)) -> -1 | BT44: =SUMIF($D$6:BS$6,BT$5,$D44:BS44) -> 573646 | BU44: =SUMIF($D$6:BT$6,BU$5,$D44:BT44) -> 515232 | BV44: =SUM(BU44-BT44) -> -58414 | BW44: =IF(BV44=0,0,IF(BT44=0,1,BV44/BT44)) -> -0.10182935 | BX44: =+DJ44 -> 72169 | BY44: =OFFSET(DJ44,0,14,1,1) -> 0 | BZ44: =SUM(BY44-BX44) -> -72169 | CA44: =IF(BZ44=0,0,IF(BX44=0,1,BZ44/BX44)) -> -1 | CB44: =SUMIF($D$6:CA$6,CB$5,$D44:CA44) -> 645815 | CC44: =SUMIF($D$6:CB$6,CC$5,$D44:CB44) -> 515232 | CD44: =SUM(CC44-CB44) -> -130583 | CE44: =IF(CD44=0,0,IF(CB44=0,1,CD44/CB44)) -> -0.20219877 | CF44: =+DK44 -> 55374 | CG44: =OFFSET(DK44,0,14,1,1) -> 0 | CH44: =SUM(CG44-CF44) -> -55374 | CI44: =IF(CH44=0,0,IF(CF44=0,1,CH44/CF44)) -> -1 | CJ44: =SUMIF($D$6:CI$6,CJ$5,$D44:CI44) -> 701189 | CK44: =SUMIF($D$6:CJ$6,CK$5,$D44:CJ44) -> 515232 | CL44: =SUM(CK44-CJ44) -> -185957 | CM44: =IF(CL44=0,0,IF(CJ44=0,1,CL44/CJ44)) -> -0.26520239 | CN44: =+DL44 -> 52669 | CO44: =OFFSET(DL44,0,14,1,1) -> 0 | CP44: =SUM(CO44-CN44) -> -52669 | CQ44: =IF(CP44=0,0,IF(CN44=0,1,CP44/CN44)) -> -1 | CR44: =SUMIF($D$6:CQ$6,CR$5,$D44:CQ44) -> 753858 | CS44: =SUMIF($D$6:CR$6,CS$5,$D44:CR44) -> 515232 | CT44: =SUM(CS44-CR44) -> -238626 | CU44: =IF(CT44=0,0,IF(CR44=0,1,CT44/CR44)) -> -0.31653972 | CX44: Sault Ste. Marie Bridge Bridge Authority | CY44: Passenger Cars | DA44: =SUMIF(IBA!$A$118:$A$138,Traffic!DA$7,IBA!E$118:E$138) -> 63574 | DB44: =SUMIF(IBA!$A$118:$A$138,Traffic!DB$7,IBA!F$118:F$138) -> 53354 | DC44: =SUMIF(IBA!$A$118:$A$138,Traffic!DC$7,IBA!G$118:G$138) -> 49699 | DD44: =SUMIF(IBA!$A$118:$A$138,Traffic!DD$7,IBA!H$118:H$138) -> 44908 | DE44: =SUMIF(IBA!$A$118:$A$138,Traffic!DE$7,IBA!I$118:I$138) -> 56795 | DF44: =SUMIF(IBA!$A$118:$A$138,Traffic!DF$7,IBA!J$118:J$138) -> 65592 | DG44: =SUMIF(IBA!$A$118:$A$138,Traffic!DG$7,IBA!K$118:K$138) -> 81511 | DH44: =SUMIF(IBA!$A$118:$A$138,Traffic!DH$7,IBA!L$118:L$138) -> 85833 | ... DL44: =SUMIF(IBA!$A$118:$A$138,Traffic!DL$7,IBA!P$118:P$138) -> 52669 | DO44: =SUMIF(IBA!$A$118:$A$138,Traffic!DO$7,IBA!E$118:E$138) -> 48882 | DP44: =SUMIF(IBA!$A$118:$A$138,Traffic!DP$7,IBA!F$118:F$138) -> 48602 | DQ44: =SUMIF(IBA!$A$118:$A$138,Traffic!DQ$7,IBA!G$118:G$138) -> 51348 | DR44: =SUMIF(IBA!$A$118:$A$138,Traffic!DR$7,IBA!H$118:H$138) -> 53154 | DS44: =SUMIF(IBA!$A$118:$A$138,Traffic!DS$7,IBA!I$118:I$138) -> 65183 | DT44: =SUMIF(IBA!$A$118:$A$138,Traffic!DT$7,IBA!J$118:J$138) -> 72416 | DU44: =SUMIF(IBA!$A$118:$A$138,Traffic!DU$7,IBA!K$118:K$138) -> 86216 | DV44: =SUMIF(IBA!$A$118:$A$138,Traffic!DV$7,IBA!L$118:L$138) -> 89431 | ... DZ44: =SUMIF(IBA!$A$118:$A$138,Traffic!DZ$7,IBA!P$118:P$138) -> 0 | EB44: =SUM(DA44) -> 63574 | EC44: =SUM($DA44:DB44) -> 116928 | ED44: =SUM($DA44:DC44) -> 166627 | EE44: =SUM($DA44:DD44) -> 211535 | EF44: =SUM($DA44:DE44) -> 268330 | EG44: =SUM($DA44:DF44) -> 333922 | EH44: =SUM($DA44:DG44) -> 415433 | EI44: =SUM($DA44:DH44) -> 501266 | EJ44: =SUM($DA44:DI44) -> 573646 | ... EM44: =SUM($DA44:DL44) -> 753858 | EQ44: =SUM($DO44:DO44) -> 48882 | ER44: =SUM($DO44:DP44) -> 97484 | ES44: =SUM($DO44:DQ44) -> 148832 | ET44: =SUM($DO44:DR44) -> 201986 | EU44: =SUM($DO44:DS44) -> 267169 | EV44: =SUM($DO44:DT44) -> 339585 | EW44: =SUM($DO44:DU44) -> 425801 | EX44: =SUM($DO44:DV44) -> 515232 | ... FB44: =SUM($DO44:DZ44) -> 515232 | FD44: =SUMIFS($DA44:$DZ44,$DA$8:$DZ$8,FD$7,$DA$7:$DZ$7,FD$8) -> 85833 | FE44: =SUMIFS($DA44:$DZ44,$DA$8:$DZ$8,FE$7,$DA$7:$DZ$7,FE$8) -> 89431 | FF44: =+FE44-FD44 -> 3598 | FG44: =IFERROR(FF44/FD44,1) -> 0.041918609 | FI44: =SUMIFS($EB44:$FB44,$EB$8:$FB$8,FI$7,$EB$7:$FB$7,FI$8) -> 501266 | FJ44: =SUMIFS($EB44:$FB44,$EB$8:$FB$8,FJ$7,$EB$7:$FB$7,FJ$8) -> 515232 | FK44: =+FJ44-FI44 -> 13966 | FL44: =IFERROR(FK44/FI44,1) -> 0.027861455
